Site,WT,pH,DO,TP,PO4,NH4,NO3,NO2,DIN,NPR,Cl,SO4,TSS,H01,H02,H03,H04,H05,H06,H07,H08,H09,H10,H11,H12,H13,H14,H15,H16,H17,H18,H19,H20,H21,H22,H23,H24,H25,H26,H27,H28,H29,H30,H31,H32,H33,H34,H35,H36,H37,H38,H39,H40,H41,H42,H43,H44,H45,H46,H47,H48,H49,H50,H51,H52,H53,H54,H55,H56,H57,WIDTH,DEPTH,VELOCITY,AGRL,FRSD,FRSE,FRST,FR,RNGE,UIDU,URLD,URMD,UR,WATR,WETL,WPAS
Tr01,5.1,7.65,10.73,0.298,0.091,0.24,2.978,0,3.219,10.794,25.305,26.467,3.6,18.3,16.8,15.5,15.2,16.1,16.867,15.833,16.8,15.5,1.963,0.723,0.214,1.493,17.086,17.029,16.8,16.8,2.658,2.519,0.38,0.49,12.491,11.316,15.35,14.15,38.98,43.592,-0.607,-0.32,7.118,6.582,3.285,3.095,43.776,39.988,0.888,1.069,0,0,1,14,3,7,9,9,0,0,7.143,46.667,100,100,64.286,30,1.4,-0.254,1.267,0.621,17.1,1.3,0.346,48.04369537,2.32611569,1.634676052,2.95549549,6.916287232,0.63090641,4.220356928,0.603961538,5.308922798,5.912884336,1.567218786,1.08369168,31.62495926
Tr02,5.9,6.81,8.54,0.265,0.086,0.102,2.804,0,2.906,10.951,25.092,26.598,4.2,0.788,0.807,0.774,0.753,0.743,0.79,0.778,0.788,0.774,0,0.001,0.448,0.647,0.808,0.855,0.788,0.797,0.007,0.021,2.242,1.393,0.69,0.64,0.764,0.748,0.079,0.104,-0.598,-0.439,0.388,0.365,0.213,0.188,0.12,0.117,0.745,0.91,0,0,0,4,3,7,12,12,0,0,0,13.333,100,100,85.714,40,0.007,-0.02,0.043,0.032,2.8,0.7,0.792,22.71425318,4.000493763,1.62479535,2.742013747,8.36730286,0.194745478,3.390343357,0.10826521,2.502967204,2.611232413,1.098874316,2.703153541,58.92009486
Tr03,5.1,7.72,10,0.164,0.081,0.268,2.898,0,3.166,19.353,21.737,20.752,2.6,17.6,16.1,14.6,14.4,15,16.1,15.033,16.1,14.6,2.25,0.863,0,1.642,16.143,16.071,16.1,16.1,2.42,2.212,0.283,0.369,11.851,10.72,14.5,13.55,34.841,38.738,-0.617,-0.335,6.747,6.231,3.08,2.88,39.334,35.733,0.884,1.061,0,0,1,14,3,7,9,9,0,0,7.143,46.667,100,100,64.286,30,1.5,-0.157,1.202,0.59,11.4,2,0.611,48.98822551,2.278295845,1.643813001,2.97774435,6.899853196,0.647507529,4.242972727,0.617215489,5.34461078,5.961826269,1.57895331,1.040494655,30.64016681
Tr04,6.3,6.9,7.34,0.17,0.081,0.113,2.851,0.022,2.986,17.569,39.846,36.293,4.2,0.264,0.279,0.266,0.258,0.255,0.27,0.268,0.266,0.266,0,0,1.615,0.69,0.269,0.279,0.264,0.266,0,0.001,1.499,1.465,0.241,0.229,0.26,0.257,0.004,0.006,-0.699,-0.529,0.17,0.165,0.131,0.125,0.007,0.006,0.711,0.877,0,0,0,0,3,7,10,10,0,0,0,0,100,100,71.429,33.333,-0.001,-0.002,0.01,0.007,3.1,0.48,0.236,19.18870259,3.961307594,2.675588912,0,6.636896505,0.215742494,3.124617198,0.017873415,1.734711598,1.752585013,0.872225008,0,68.20923119
Tr05,5.4,7.39,9.15,0.163,0.087,0.122,3.725,0,3.847,23.67,19.804,20.131,3,16.2,15.1,13.4,13.2,13.7,14.9,13.9,15.1,13.4,1.99,1.09,-0.625,1.661,14.814,14.843,15.1,15.1,2.058,2.156,0.268,0.266,11.098,10.056,13.3,12.95,28.988,32.728,-0.663,-0.38,6.293,5.82,2.84,2.615,34.008,31.031,0.857,1.032,0,0,1,14,3,7,9,9,0,0,7.143,46.667,100,100,64.286,30,1.4,-0.093,1.079,0.549,14,0.6,9.15,51.66618801,2.382386422,1.697706741,3.052984569,7.133077732,0.68011083,4.23249009,0.624590251,5.332761814,5.957352064,1.542500889,1.107617326,27.68066306
Tr06,5.7,7.32,9.08,0.23,0.099,0.204,2.356,0.022,2.582,11.208,25.768,31.91,8.4,12.5,11.9,10.7,10.6,11.2,11.7,11.067,11.9,10.7,0.84,0.523,-0.935,1.695,11.871,12.014,11.9,11.9,1.306,1.658,0.564,0.371,9.069,8.273,10.7,10.65,17.95,20.933,-0.703,-0.41,5.172,4.811,2.445,2.23,21.888,20.322,0.829,1.009,0,0,1,12,3,7,10,10,0,0,7.143,40,100,100,71.429,33.333,0.9,-0.193,0.82,0.439,14.5,0.65,9.08,52.6619034,2.757081181,1.809063312,2.283010493,6.849154986,0.795895086,4.154111664,0.75565038,5.78993283,6.54558321,1.599639931,1.003625826,26.39008589
Tr07,5.6,7.85,10.24,0.182,0.092,0.187,3.834,0.036,4.057,22.34,23.128,26.967,5.6,9.05,8.36,7.34,7.26,7.79,8.25,7.653,8.36,7.34,0.74,0.376,-0.566,1.699,8.33,8.319,8.36,8.36,0.841,0.822,0.213,0.238,6.029,5.427,7.3,6.955,10.38,11.541,-0.614,-0.322,3.274,3,1.235,1.14,11.553,10.53,0.893,1.074,0,0,1,14,3,7,9,9,0,0,7.143,46.667,100,100,64.286,30,0.855,-0.118,0.646,0.318,11.4,1.45,10.24,59.58056196,3.520836189,1.672018568,2.193402146,7.386256904,0.779231066,4.41117518,0.565650565,6.565817156,7.131467721,1.82891841,0.962158731,17.92023003
Tr08,7.6,7.32,7.78,0.055,0.086,0.202,3.143,0.022,3.367,60.693,24.031,44.467,9.4,0.575,0.504,0.401,0.368,0.322,0.493,0.424,0.504,0.401,0.008,0.005,-0.54,1.32,0.411,0.374,0.386,0.368,0.009,0.004,1.019,1.363,0.256,0.216,0.318,0.244,0.035,0.03,0.067,0.112,0.127,0.108,0.018,0.018,0.031,0.024,1.289,1.364,0,0,4,20,3,7,8,8,0,0,28.571,66.667,100,100,57.143,26.667,0.087,0.036,0.043,0.016,4,0.55,7.78,44.66816413,1.095113488,9.018817358,2.765454533,12.87938538,0.165633241,3.612700597,0.047388339,2.942535689,2.989924028,1.060568905,0.178386619,34.4452371
Tr09,7.1,7.55,9.15,0.159,0.086,0.221,1.446,0,1.668,10.468,22.756,24.947,5.2,7.85,6.92,6.84,7.42,8.41,7.203,7.06,6.92,6.92,0.315,0.099,1.693,1.607,7.906,7.713,7.85,7.42,0.829,1.114,0.224,0.37,5.192,4.674,6.67,5.25,10.387,11.177,-0.33,-0.027,2.878,2.643,1.11,1,9.526,8.765,1.068,1.278,0,0,2,14,3,7,9,9,0,0,14.286,46.667,100,100,64.286,30,0.505,-0.308,0.658,0.279,9.8,1.05,0.659,60.39654787,3.64748958,1.189374738,2.155291707,6.992156025,0.810986373,4.457615342,0.592089425,6.760589923,7.352679348,1.863577602,0.992049576,17.13438786
Tr10,8.1,7.35,7.9,0.078,0.045,0.184,2.035,0,2.219,28.545,25.986,43.167,13.4,0.711,0.688,0.671,0.667,0.715,0.69,0.675,0.688,0.671,0,0,0.444,1.485,0.768,0.797,0.711,0.715,0.019,0.021,1.391,0.604,0.583,0.536,0.669,0.652,0.086,0.105,-0.447,-0.231,0.322,0.301,0.157,0.13,0.102,0.098,0.886,1.064,0,0,0,6,3,7,11,11,0,0,0,20,100,100,78.571,36.667,0.02,-0.05,0.05,0.029,1.6,0.34,0.759,61.10524242,0.302876003,0.955208652,1.926283586,3.184368241,0.244360232,4.737502004,3.975035042,8.283642739,12.25867778,0.620493836,0,17.84935549
Tr11,7.2,7.45,8.85,0.126,0.09,0.162,2.922,0.029,3.113,24.613,20.722,27.239,15.4,6.99,6.05,5.75,6.3,7.14,6.263,6.033,6.05,6.05,0.419,0.076,1.323,-0.271,6.791,6.593,6.99,6.3,0.605,0.789,-0.027,0.373,4.42,3.958,5.675,4.515,7.932,8.367,-0.334,-0.027,2.436,2.226,0.849,0.78,7.132,6.478,1.075,1.285,0,0,2,15,3,7,8,8,0,0,14.286,50,100,100,57.143,26.667,0.62,-0.227,0.579,0.241,9.7,1.1,0,61.27008784,3.980128857,0.794536641,2.134205999,6.908871496,0.876817658,4.481987092,0.416193728,6.812655863,7.228849591,1.974961101,1.094768268,16.16365696
Tr12,7.3,7.47,8.77,0.125,0.088,0.219,3.507,0.041,3.767,30.029,22.932,25.893,6.6,6.62,5.71,5.39,5.91,6.74,5.907,5.67,5.71,5.71,0.407,0.069,1.255,-0.67,6.439,6.286,6.62,5.91,0.621,0.72,-0.023,0.478,4.237,3.801,5.47,4.405,7.083,7.511,-0.349,-0.042,2.344,2.146,0.829,0.76,6.433,5.858,1.065,1.274,0,0,2,15,3,7,9,9,0,0,14.286,50,100,100,64.286,30,0.615,-0.239,0.541,0.229,10,0.99,0.359,60.83311255,4.085440867,0.813748183,2.191240376,7.090429426,0.899389066,4.482686875,0.419350237,6.693530222,7.11288046,2.011283171,1.124024781,16.44619367
Tr13,7.3,7.41,8.98,0.138,0.093,0.248,1.885,0.023,2.156,15.608,14.847,12.948,12.6,6.18,5.42,4.93,5.38,6.12,5.51,5.243,5.42,5.38,0.397,0.074,0.63,-1.69,5.951,5.826,6.12,5.42,0.538,0.582,-0.048,0.505,3.951,3.544,5.115,4.095,5.99,6.356,-0.367,-0.062,2.193,2.008,0.795,0.72,5.496,4.995,1.053,1.259,0,0,2,15,3,7,9,9,0,0,14.286,50,100,100,64.286,30,0.625,-0.208,0.497,0.212,11.4,0.8,0.375,61.57768538,4.265871317,0.543773864,2.233256435,7.042901616,0.923545198,4.351900312,0.345864412,6.1241639,6.470028312,2.067810926,1.119367391,16.44676087
Tr14,7.3,7.15,8.69,0.146,0.094,0.271,1.631,0.021,1.922,13.172,14.227,14.226,12.6,5.28,4.63,4.33,4.67,5.39,4.747,4.543,4.63,4.63,0.236,0.035,1.019,-1.642,5.196,5.089,5.28,4.67,0.468,0.528,0.177,0.593,3.429,3.082,4.43,3.515,4.604,4.906,-0.321,-0.016,1.915,1.757,0.711,0.65,4.15,3.797,1.079,1.29,0,0,2,12,3,7,9,9,0,0,14.286,40,100,100,64.286,30,0.475,-0.216,0.431,0.183,13,0.85,0.284,63.43942731,4.155152514,0.217519485,1.263509759,5.636181758,0.767706632,4.112985018,0.294258557,6.171956317,6.466214874,2.193280949,1.04557225,16.3386312
Tr15,5.8,7.46,9.02,0.173,0.088,0.178,1.939,0.021,2.137,12.344,23.23,29.868,15.42,4.18,3.92,4.19,4.89,5.61,4.097,4.333,4.18,4.19,0.023,0.251,-1.724,1.183,4.643,4.393,4.19,4.19,0.49,1.197,0.646,-0.764,2.801,2.529,3.175,1.935,4.148,4.379,0.005,0.296,1.589,1.467,0.579,0.567,3.198,2.991,1.302,1.534,0,0,3,8,3,7,8,8,0,0,21.429,26.667,100,100,57.143,26.667,-0.005,-0.166,0.416,0.153,8.2,0.85,0.162,66.17235637,4.545646044,0.192442296,1.380016095,6.118104436,0.402727423,3.817121077,0.276445898,5.949712357,6.226158256,1.82933911,1.078250336,14.35594299
Tr16,5.9,7.67,9.44,0.178,0.079,0.236,1.539,0,1.775,9.946,24.378,30.59,19.52,4,3.73,3.95,4.62,5.33,3.893,4.1,3.95,3.95,0.021,0.215,-1.499,1.304,4.429,4.193,4.06,4.06,0.444,1.068,0.667,-0.724,2.672,2.41,3.041,1.864,3.783,3.994,-0.002,0.289,1.509,1.392,0.541,0.526,2.928,2.737,1.296,1.528,0,0,3,8,3,7,8,8,0,0,21.429,26.667,100,100,57.143,26.667,0.025,-0.169,0.396,0.147,7.7,0.88,0.235,66.5404641,4.748161509,0.180081021,1.379897758,6.308140288,0.390861489,3.894438389,0.293648925,6.197548504,6.491197428,1.738786336,1.008952768,13.62715921
Tr17,6,9.73,9.08,0.117,0.07,0.217,1.588,0,1.805,15.435,23.642,31.355,18.18,2.55,2.41,2.57,3.08,3.51,2.51,2.687,2.55,2.57,0.008,0.122,-1.63,1.334,2.831,2.66,2.57,2.57,0.212,0.53,0.566,-0.799,1.688,1.522,1.87,1.08,1.587,1.665,0.063,0.354,0.953,0.878,0.338,0.329,1.203,1.124,1.346,1.583,0,0,2,4,3,7,8,8,0,0,14.286,13.333,100,100,57.143,26.667,-0.01,-0.081,0.258,0.094,7.8,0.65,0.732,62.76461543,6.680163811,0.230491336,2.053525714,8.96418086,0.208706379,3.698947346,0.285564187,6.336713583,6.62227777,1.888145588,1.32795204,14.52517458
Tr18,7,7.8,8.95,0.164,0.061,0.271,1.46,0,1.731,10.581,19.825,31.346,4.92,0.667,0.606,0.593,0.668,0.806,0.622,0.622,0.606,0.606,0.002,0.002,1.523,1.529,0.715,0.689,0.668,0.668,0.012,0.02,0.434,-0.044,0.434,0.388,0.537,0.352,0.103,0.109,-0.101,0.198,0.231,0.21,0.063,0.056,0.084,0.078,1.226,1.452,0,0,2,7,3,7,8,8,0,0,14.286,23.333,100,100,57.143,26.667,0.037,-0.04,0.064,0.025,1.7,0.62,0.707,58.29298223,9.893900747,0.257876584,4.980673192,15.13245052,0.359408851,3.519982809,0.598531629,8.362689946,8.961221575,0.909811967,0.57098184,12.2531602
Tr19,5.6,8.7,8.94,0.192,0.09,0.228,2.198,0,2.427,12.625,21.194,25.281,6.46,1.34,1.29,1.32,1.57,1.87,1.317,1.393,1.32,1.32,0.001,0.024,-0.586,1.658,1.51,1.425,1.34,1.34,0.064,0.149,0.798,-0.645,0.922,0.838,1.016,0.597,0.423,0.446,0.101,0.383,0.542,0.504,0.226,0.219,0.321,0.301,1.37,1.605,0,0,0,0,3,7,7,7,0,0,0,0,100,100,50,23.333,0.01,-0.059,0.13,0.048,3.5,0.81,0.513,63.99933017,4.735007872,0.282134734,1.15602806,6.173170666,0.169280405,3.639121106,0.252030391,6.122227196,6.374257587,2.542271297,1.93483662,15.16773214
Tr20,6.4,7.87,7.73,0.158,0.09,0.03,1.033,0,1.064,6.72,19.976,28.333,6.76,0.793,0.763,0.748,0.862,1.07,0.768,0.791,0.763,0.763,0.001,0.004,0.935,1.618,0.891,0.847,0.862,0.862,0.022,0.045,0.846,-0.403,0.53,0.477,0.618,0.365,0.162,0.172,0.017,0.302,0.286,0.262,0.086,0.08,0.127,0.119,1.305,1.535,0,0,0,0,3,7,8,8,0,0,0,0,100,100,57.143,26.667,0.023,-0.046,0.08,0.031,6.9,1.15,0.212,60.4026696,3.885259761,0.022269863,1.547367212,5.454896836,0.206097455,3.36011973,0.059078253,4.932843622,4.991921875,1.143775376,4.084359478,20.35615965
Tr21,3.9,8.67,11.5,0.176,0.119,0.156,1.384,0,1.541,8.739,23.578,15.914,5.04,0.453,0.451,0.46,0.506,0.549,0.455,0.472,0.453,0.46,0,0.001,1.39,1.552,0.487,0.456,0.46,0.46,0.003,0.011,0.577,-1.582,0.285,0.255,0.336,0.176,0.048,0.049,-0.067,0.242,0.157,0.144,0.051,0.048,0.036,0.033,1.267,1.503,0,0,3,7,3,7,7,7,0,0,21.429,23.333,100,100,50,23.333,-0.004,-0.008,0.046,0.016,3.6,0.4,0.834,69.20100932,2.605545384,0.065597078,0.188450945,2.859593407,0.111322039,4.696154732,0.696499255,9.78792415,10.4844234,5.416399597,0.012275157,7.218822345
Tr22,7.1,7.84,10.1,0.198,0.078,0.378,1.618,0,1.996,10.104,19.74,19.608,19.18,0.31,0.275,0.268,0.279,0.328,0.284,0.274,0.275,0.275,0.001,0,1.545,-0.782,0.313,0.305,0.31,0.279,0.002,0.002,0.342,0.51,0.197,0.176,0.262,0.189,0.019,0.019,-0.238,0.072,0.107,0.098,0.034,0.033,0.016,0.014,1.141,1.36,0,0,2,2,3,7,8,8,0,0,14.286,6.667,100,100,57.143,26.667,0.021,-0.014,0.027,0.011,4,0.9,0.218,76.52183872,3.154040096,0.107790874,0.070429945,3.332260916,0.116217814,3.719978605,0.13577235,6.692301598,6.828073948,0.7951468,0,8.686483199
Bo01,4.8,7.77,10.85,0.144,0.015,0.124,2.347,0,2.472,17.145,26.214,37.512,11.15,0.265,0.265,0.265,0.27,0.273,0.265,0.267,0.265,0.265,0,0,0,1.732,0.274,0.282,0.27,0.273,0,0,1.259,1.111,0.312,0.315,0.299,0.308,0.002,0.002,0.567,0.465,0.304,0.305,0.297,0.297,0.001,0.001,1.006,1.031,3,7,14,30,0,0,0,0,100,100,100,100,0,0,0,0,0,-0.005,-0.008,0,6.6,0.5,0.249,48.88000543,1.290648624,1.326181478,5.509257015,8.126087117,0.339672251,4.472524206,0.229932661,3.803219233,4.033151894,1.352580503,1.446349611,31.34962899
Bo02,4.4,7.6,10.64,0.188,0.015,0.163,2.61,0,2.774,14.783,33.014,34.833,13.48,0.26,0.26,0.26,0.264,0.268,0.26,0.261,0.26,0.26,0,0,0,1.732,0.268,0.275,0.264,0.268,0,0,1.405,1.065,0.304,0.307,0.293,0.3,0.002,0.002,0.549,0.449,0.298,0.299,0.291,0.292,0.001,0.001,0.951,0.965,3,7,14,30,0,0,0,0,100,100,100,100,0,0,0,0,0,-0.005,-0.008,0,7,0.65,0,49.29424347,1.336605973,1.178352451,5.734234281,8.249192705,0.349149509,4.486539039,0.227853127,3.901566831,4.129419958,1.365988158,1.513758259,30.6117089
Bo03,3.8,7.48,10.8,0.149,0.014,0.195,1.754,0,1.949,13.042,26.263,35.297,6.02,0.247,0.246,0.246,0.25,0.255,0.246,0.247,0.246,0.246,0,0,1.732,1.732,0.254,0.26,0.25,0.255,0,0,1.385,1.038,0.289,0.292,0.28,0.287,0.002,0.002,0.536,0.434,0.285,0.286,0.28,0.283,0.001,0.001,0.888,0.892,3,7,14,30,0,0,0,0,100,100,100,100,0,0,0,0,0.001,-0.004,-0.008,0,6.2,0.24,0.373,50.63296256,1.334632724,0.864213586,5.845726778,8.044573087,0.345934691,4.657521974,0.244838584,4.079516246,4.324354831,1.387531252,1.648770092,28.95835151
Bo04,5.6,7.25,10.62,0.358,0.032,0.198,1.177,0,1.375,3.836,25.249,28.718,25.68,0.233,0.233,0.233,0.236,0.24,0.233,0.234,0.233,0.233,0,0,0,1.732,0.24,0.246,0.236,0.24,0,0,1.467,1.178,0.274,0.277,0.265,0.273,0.002,0.002,0.549,0.444,0.271,0.273,0.27,0.271,0.001,0.001,0.828,0.816,3,7,14,30,0,0,0,0,100,100,100,100,0,0,0,0,0,-0.004,-0.008,0,8.4,0.22,0.164,52.93317752,1.373383903,0.871936159,4.637213787,6.882533849,0.363307999,4.749488337,0.23486327,3.872888896,4.107752167,1.278660917,1.285105691,28.39997352
Bo05,5.7,7.05,10.3,0.14,0.029,0.089,4.862,0.033,4.984,35.619,28.713,39.384,11.14,0.188,0.188,0.187,0.19,0.194,0.188,0.188,0.188,0.188,0,0,-1.732,0.935,0.194,0.199,0.19,0.194,0,0,1.329,1.099,0.222,0.225,0.216,0.223,0.001,0.001,0.686,0.543,0.223,0.224,0.223,0.225,0.001,0.001,0.696,0.692,3,7,14,30,0,0,0,0,100,100,100,100,0,0,0,0,0.001,-0.004,-0.006,0,4.7,0.25,0.703,62.27282246,1.461433808,0.721879025,2.527288943,4.710601775,0.477057383,4.249840134,0.27929412,4.460535698,4.739829818,1.319994216,1.043283204,21.18657101
Bo06,6.1,7.1,10.62,0.163,0.018,0.258,4.735,0.033,5.026,30.788,41.714,42.267,6.12,0.009,0.01,0.01,0.01,0.01,0.01,0.01,0.01,0.01,0,0,0.782,0,0.01,0.01,0.01,0.01,0,0,1.101,1.573,0.013,0.013,0.011,0.011,0,0,0.828,0.842,0.011,0.012,0.01,0.011,0,0,1.58,1.532,3,7,14,30,0,0,0,0,100,100,100,100,0,0,0,0,0,0,-0.001,0,1.7,0.11,0.361,41.45835989,0.229706011,0.641368682,13.47317847,14.34425317,0.000112307,5.403369708,0.073093381,2.833477555,2.906570936,0.751785547,0.036144256,35.09940419
Bo07,6.2,6.9,11.27,0.192,0.02,0.142,5.365,0.048,5.555,28.954,23.351,31.123,8.92,0.007,0.007,0.007,0.007,0.007,0.007,0.007,0.007,0.007,0,0,0.935,1.39,0.007,0.007,0.007,0.007,0,0,0.14,0.72,0.007,0.007,0.007,0.007,0,0,3.445,3.365,0.007,0.007,0.007,0.007,0,0,1.183,1.254,3,7,14,30,0,0,0,0,100,100,100,100,0,0,0,0,0,0,0,0,2.3,0.15,0.422,32.74108316,0.782619208,0.278569588,12.12947197,13.19066077,0.156371829,3.412732,0.087062855,3.177500239,3.264563095,0.683553122,0.054595337,46.49644069
Bo08,5.5,7.13,10.66,0.197,0.03,0.094,4.142,0.029,4.265,21.632,25.779,42.748,9.16,0.179,0.181,0.179,0.182,0.185,0.18,0.181,0.179,0.181,0,0,1.732,-0.935,0.185,0.189,0.182,0.185,0,0,1.235,1.108,0.207,0.21,0.202,0.21,0.001,0.001,0.683,0.466,0.211,0.213,0.21,0.213,0,0,0.398,0.367,3,7,14,30,0,0,0,0,100,100,100,100,0,0,0,0,0,-0.003,-0.005,-0.001,3.2,0.29,0.813,65.08717732,1.6687674,0.492260363,2.684295009,4.845322772,0.533521961,3.786214755,0.235385728,4.848902127,5.084287855,1.192070099,1.013364239,18.458041
Bo09,4.3,6.74,10.88,0.129,0.03,0.069,8.425,0.053,8.547,66.089,20.833,18.942,3.3,0.016,0.017,0.016,0.016,0.017,0.017,0.017,0.016,0.016,0,0,1.458,1.732,0.017,0.017,0.017,0.017,0,0,0.043,-0.393,0.017,0.017,0.017,0.017,0,0,2.496,1.835,0.018,0.018,0.017,0.017,0,0,2.695,2.553,3,7,14,30,0,0,0,0,100,100,100,100,0,0,0,0,0,0,0,0,1.6,0.23,0.188,56.39339165,1.141576402,0.707052544,4.327396372,6.176025318,0.448282543,3.946120712,0.462783686,4.802964266,5.265747952,3.439856798,0.368120223,23.9624548
Bo10,5.8,7.1,9.08,0.202,0.015,0.267,1.502,0.028,1.798,8.882,20.17,36.494,9.82,0.051,0.052,0.052,0.053,0.054,0.052,0.052,0.052,0.052,0,0,0.423,-0.67,0.054,0.056,0.053,0.054,0,0,1.141,1.294,0.066,0.067,0.062,0.066,0,0,0.843,0.678,0.066,0.066,0.065,0.065,0,0,0.741,0.763,3,7,13,29,0,0,0,0,100,100,92.857,96.667,0,0,0,0,0,-0.001,-0.003,0,3.75,0.38,0.124,72.3891661,0.77842736,0.042270179,1.341359906,2.162057445,0.651774326,3.254754866,0.260447952,4.214059269,4.474507221,0.944140798,0,16.12359924
Bo11,5.9,7.14,8.9,0.182,0.032,0.28,6.737,0.054,7.071,38.785,24.466,40.8,10.22,0.085,0.087,0.086,0.087,0.088,0.086,0.086,0.086,0.087,0,0,0.586,-0.816,0.088,0.09,0.087,0.088,0,0,0.902,1.146,0.097,0.098,0.095,0.098,0,0,0.64,0.441,0.1,0.1,0.1,0.1,0,0,-0.012,-0.047,3,7,14,30,0,0,0,0,100,100,100,100,0,0,0,0,0,-0.001,-0.002,0,2.5,0.4,0.184,59.62322964,3.641838048,0.880013957,2.313035955,6.83488796,0.40662356,3.394005939,0.037746684,3.33743371,3.375180394,0.878566363,2.574982101,22.91252404
Bo12,5.8,7.52,11.05,0.179,0.022,0.142,1.933,0,2.075,11.584,20.794,31.27,6.56,0.055,0.056,0.056,0.056,0.057,0.056,0.056,0.056,0.056,0,0,0.935,-1.545,0.056,0.057,0.056,0.057,0,0,-0.218,0.062,0.057,0.058,0.057,0.058,0,0,0.513,0.542,0.061,0.061,0.06,0.06,0,0,0.475,0.394,3,7,14,30,0,0,0,0,100,100,100,100,0,0,0,0,0,0,0,0,1.4,0.21,0.363,75.57729681,0.926150049,0.052846705,2.280131428,3.259128183,0.357899626,3.144788671,0.178695516,3.529681464,3.70837698,0.73212136,0,13.22038837
Je01,5.9,7.76,9.54,0.491,0.063,0.45,2.343,0.043,2.836,5.778,25.572,33.884,32.32,1.34,0.961,0.701,0.682,0.688,1.001,0.781,0.961,0.701,0.103,0.024,0.547,1.703,0.824,0.738,0.701,0.701,0.062,0.01,1.956,2.503,0.887,0.864,0.795,0.795,0.05,0.035,0.906,0.736,0.846,0.829,0.795,0.795,0.026,0.017,1.729,1.641,0,1,1,1,0,0,0,0,0,14.286,7.143,3.333,0,0,0,0,0.32,0.087,-0.013,0.003,8.4,0.35,0.4,34.67340319,0.906194224,1.625332194,2.637889638,5.169416056,0.875979479,3.594572637,1.285360388,3.788108473,5.073468861,1.03730963,1.183238836,48.39261131
Je02,5.8,7.42,9.55,0.399,0.057,0.353,3.054,0.048,3.456,8.67,24.252,29.705,26.84,0.95,0.677,0.514,0.499,0.503,0.714,0.563,0.677,0.514,0.049,0.01,0.728,1.687,0.596,0.537,0.514,0.514,0.028,0.004,2.031,2.443,0.645,0.63,0.583,0.583,0.025,0.018,0.879,0.8,0.618,0.607,0.587,0.587,0.013,0.009,1.671,1.667,0,2,2,2,0,0,0,0,0,28.571,14.286,6.667,0,0,0,0,0.218,0.059,-0.011,0.002,10.1,0.43,0.489,37.23749201,0.135977436,1.456360698,2.176339087,3.768677222,0.651528779,3.576295559,1.734123764,3.669666817,5.403790582,1.054289211,1.207008662,47.10091797
Je03,5.7,7.32,8.5,0.485,0.107,0.639,5.244,0.053,5.935,12.226,25.515,24.097,22.8,0.364,0.256,0.163,0.156,0.157,0.261,0.192,0.256,0.163,0.01,0.003,0.223,1.701,0.202,0.173,0.16,0.16,0.006,0.001,1.815,2.609,0.209,0.202,0.178,0.178,0.004,0.002,1.291,0.727,0.196,0.19,0.179,0.179,0.002,0.001,2.084,1.704,0,2,2,2,0,0,0,0,0,28.571,14.286,6.667,0,0,0,0,0.101,0.029,-0.001,0.002,3.8,0.29,0.508,26.52959183,3.372027008,2.373985154,4.42563029,10.17164245,1.636978573,3.496931857,0.053551759,3.602395131,3.65594689,0.947366679,1.181182763,52.38035896
Je04,6.2,7.63,9.64,0.298,0.036,0.245,4.391,0.022,4.659,15.64,26.134,35.887,19.3,0.149,0.073,0.053,0.046,0.047,0.092,0.057,0.073,0.053,0.003,0,1.416,1.31,0.066,0.052,0.049,0.049,0.001,0,2.332,2.321,0.072,0.069,0.057,0.057,0.001,0.001,1.478,1.08,0.064,0.061,0.054,0.054,0.001,0,2.222,2.165,0,3,3,3,0,0,0,0,0,42.857,21.429,10,0,0,0,0,0.048,0.013,-0.001,0.001,6.4,0.31,0.586,21.59348169,5.213152957,3.620141882,6.11853872,14.95183356,2.471355735,3.818841823,0.070675436,3.781863058,3.852538494,0.862718544,1.190524329,51.25870583
Je05,6.2,7.54,9.35,0.257,0.039,0.259,4.445,0.025,4.729,18.383,27.038,44.771,17.24,0.946,0.665,0.504,0.485,0.489,0.705,0.551,0.665,0.504,0.05,0.01,0.774,1.66,0.584,0.523,0.503,0.503,0.03,0.004,2.04,2.468,0.629,0.614,0.563,0.563,0.025,0.018,0.957,0.812,0.602,0.591,0.572,0.572,0.013,0.009,1.732,1.683,0,2,2,2,0,0,0,0,0,28.571,14.286,6.667,0,0,0,0,0.221,0.06,-0.01,0.002,6.4,0.35,0.639,37.67586595,0.088380941,1.39266813,2.236711607,3.717760678,0.658117827,3.553643845,1.759995731,3.627116249,5.38711198,1.035464764,1.240491567,46.73154339
Je06,6.7,7.5,8.79,0.328,0.042,0.31,3.906,0,4.216,12.873,28.337,46.054,15.76,0.874,0.63,0.48,0.465,0.469,0.661,0.525,0.63,0.48,0.04,0.008,0.691,1.68,0.553,0.5,0.48,0.48,0.023,0.003,2.011,2.468,0.596,0.583,0.538,0.538,0.02,0.015,0.906,0.812,0.573,0.563,0.545,0.545,0.01,0.007,1.686,1.675,0,1,1,1,0,0,0,0,0,14.286,7.143,3.333,0,0,0,0,0.197,0.054,-0.01,0.002,5,0.32,0.646,37.21498295,0.083864873,1.449770272,2.353032688,3.886667833,0.657286755,3.613640044,0.162254068,3.733556006,3.895810074,1.076657728,1.306513629,48.34844099
Je07,6.2,7,7.85,0.388,0.065,0.479,4.196,0,4.675,12.051,25.471,29.736,24.16,0.111,0.128,0.067,0.066,0.066,0.102,0.087,0.111,0.067,0.001,0.001,-1.191,1.731,0.081,0.075,0.067,0.067,0.001,0.001,1.374,2.644,0.077,0.075,0.068,0.068,0,0,2.23,3.143,0.075,0.073,0.071,0.071,0,0,3.277,4.4,1,5,8,8,1,1,1,1,33.333,71.429,57.143,26.667,33.333,14.286,7.143,3.333,0.022,0.009,0.002,0,2.3,0.22,0.37,27.41834018,0.06474882,4.156452883,0.741250661,4.962452365,0.368009684,3.137974495,0.071758137,2.646849554,2.718607691,0.871919947,7.186266015,53.33642963
Je08,5.8,7.5,9.7,0.18,0.014,0.236,4.041,0.027,4.305,23.89,26.006,47.505,11.68,0.54,0.317,0.238,0.222,0.225,0.365,0.259,0.317,0.238,0.025,0.003,1.25,1.541,0.286,0.244,0.233,0.233,0.014,0.001,2.263,2.379,0.32,0.311,0.274,0.274,0.013,0.009,1.053,0.993,0.298,0.289,0.274,0.274,0.007,0.005,1.858,1.996,0,3,3,3,0,0,0,0,0,42.857,21.429,10,0,0,0,0,0.151,0.04,-0.008,0.002,2.5,0.45,0.396,44.47094058,0.087492236,1.287537426,0.551957985,1.926987647,0.680710128,4.275505541,0.166334698,4.739820997,4.906155695,1.32817698,0.120972143,42.29055129
Je09,5.2,7.67,10.06,0.206,0.013,0.282,4.159,0.025,4.466,21.719,32.415,63.308,12.72,0.233,0.137,0.09,0.084,0.085,0.153,0.104,0.137,0.09,0.005,0.001,0.953,1.65,0.115,0.094,0.088,0.088,0.003,0,2.12,2.534,0.125,0.12,0.103,0.103,0.002,0.002,1.174,0.867,0.114,0.11,0.102,0.102,0.001,0.001,2.001,1.902,1,5,6,12,0,0,0,0,33.333,71.429,42.857,40,0,0,0,0,0.072,0.019,-0.002,0.001,2.4,0.29,0.267,44.83309749,0.167050265,2.394387135,0.292442971,2.853880371,1.471455421,5.267821208,0.345576236,5.732414757,6.077990993,1.920117991,0.127732849,37.44790367
Je10,7.4,7.47,4.61,0.127,0.007,0.206,4.634,0.027,4.868,38.267,24.335,73.099,5.24,0.17,0.059,0.039,0.029,0.03,0.089,0.042,0.059,0.039,0.005,0,1.567,1.056,0.056,0.037,0.033,0.033,0.003,0,2.439,2.052,0.069,0.065,0.049,0.049,0.002,0.002,1.243,1.132,0.058,0.054,0.045,0.045,0.001,0.001,2.027,2.195,0,2,2,2,0,0,0,0,0,28.571,14.286,6.667,0,0,0,0,0.066,0.017,-0.003,0.001,1.05,0.24,0.377,65.82286801,0.011070716,0.729805304,0.118397402,0.859273422,0.195286353,3.905888678,0,4.365296457,4.365296457,0.660081341,0.19489578,23.99640996
Ki01,2.7,7.71,12,0.256,0.106,0.329,3.088,0,3.416,13.336,30.016,39.74,9.12,0.11,0.119,0.133,0.153,0.183,0.121,0.135,0.119,0.133,0,0,0.634,0.519,0.173,0.196,0.153,0.183,0.004,0.004,0.909,0.253,0.182,0.186,0.171,0.172,0.003,0.002,0.69,0.884,0.191,0.195,0.198,0.202,0.002,0.002,-0.031,-0.026,3,4,4,6,0,0,0,0,100,57.143,28.571,20,0,0,0,0,-0.012,-0.028,-0.004,-0.002,3.6,0.41,0.298,73.13915872,1.922117471,0.085306116,0.362899364,2.37032295,0.677458526,4.123952691,0.158600386,5.662999454,5.82159984,1.512483223,0.558885165,11.79613888
Ki02,1.7,7.64,11.62,0.322,0.123,0.874,4.687,0.027,5.589,17.362,26.689,28.007,13.34,0.09,0.097,0.109,0.127,0.152,0.099,0.111,0.097,0.109,0,0,0.58,0.627,0.144,0.167,0.127,0.152,0.003,0.004,0.991,0.385,0.157,0.159,0.149,0.149,0.002,0.002,0.681,0.877,0.165,0.169,0.173,0.179,0.002,0.002,-0.098,-0.125,3,4,4,7,0,0,0,0,100,57.143,28.571,23.333,0,0,0,0,-0.01,-0.025,-0.004,-0.002,2.76,0.31,0.21,72.28317718,2.317304568,0.070046798,0.433352094,2.82070346,0.63529271,4.13171376,0.153655832,5.260231797,5.413887629,1.664285534,0.673821848,12.37711788
Ki03,3.4,7.62,11.5,0.306,0.129,1.405,2.212,0,3.617,11.822,30.155,28.805,7.74,0.023,0.024,0.025,0.027,0.03,0.024,0.026,0.024,0.025,0,0,0.634,0.519,0.029,0.032,0.027,0.03,0,0,0.984,0.46,0.031,0.031,0.029,0.029,0,0,0.752,0.897,0.031,0.031,0.029,0.03,0,0,0.761,0.754,3,4,5,9,0,0,0,0,100,57.143,35.714,30,0,0,0,0,-0.001,-0.003,0,0,1.15,0.13,0.289,74.21394434,1.548094284,0.045107288,0.262401958,1.85560353,0.522497626,5.13746601,0.224670116,8.542861347,8.767531463,1.276069126,0,8.2268879
Ki04,1.3,7.59,10.04,0.364,0.193,0.921,4.487,0.028,5.437,14.924,24.622,28.265,11.58,0.048,0.053,0.06,0.071,0.088,0.054,0.061,0.053,0.06,0,0,0.711,0.512,0.083,0.098,0.071,0.088,0.001,0.002,1.05,0.44,0.092,0.094,0.088,0.088,0.001,0.001,0.66,0.852,0.105,0.108,0.106,0.116,0.001,0.001,-0.306,-0.397,3,4,5,8,0,0,0,0,100,57.143,35.714,26.667,0,0,0,0,-0.006,-0.016,-0.003,-0.002,2.5,0.24,0.18,68.15271448,3.00798969,0.082346218,0.307582436,3.397918344,0.255562979,3.813915984,0.183663669,5.028619261,5.21228293,2.147699968,1.116616466,15.90328884
Ki05,3.4,7.52,11.37,0.63,0.338,0.851,4.953,0.031,5.835,9.256,33.825,48.987,29.44,0.02,0.021,0.024,0.027,0.033,0.021,0.024,0.021,0.024,0,0,0.722,0.568,0.031,0.037,0.027,0.033,0,0,1.064,0.611,0.036,0.036,0.034,0.034,0,0,0.604,0.772,0.031,0.031,0.029,0.029,0,0,1.433,1.47,1,1,1,1,0,0,0,0,33.333,14.286,7.143,3.333,0,0,0,0,-0.002,-0.005,-0.001,0,3.1,0.35,0.091,63.78505193,4.521406119,0.145841726,0.020996415,4.688244261,0.548407613,4.887267354,0.428629055,6.263587592,6.692216647,1.256229078,0.029111035,18.11347208
Ki06,0.2,7.72,12.3,0.312,0.174,1.431,3.278,0.021,4.73,15.144,21.863,18.083,13.2,0.02,0.023,0.025,0.031,0.037,0.023,0.026,0.023,0.025,0,0,-0.12,1.073,0.035,0.043,0.031,0.037,0,0,1.032,0.689,0.041,0.043,0.04,0.04,0,0,0.659,0.834,0.062,0.065,0.049,0.055,0.001,0.001,0.225,0.107,3,4,5,9,0,0,0,0,100,57.143,35.714,30,0,0,0,0,-0.003,-0.007,-0.002,-0.003,2.5,0.21,0.119,73.50039415,1.941399543,0.068653263,0.62145591,2.631508716,0.081579648,2.976790241,0.025807382,4.007297235,4.033104616,3.084168193,1.475332573,12.21712187
Ki07,5.7,7.61,10.96,0.543,0.167,0.195,3.346,0,3.541,6.516,21.604,28.632,46.28,0.01,0.011,0.013,0.016,0.02,0.011,0.013,0.011,0.013,0,0,0.699,0.535,0.018,0.022,0.016,0.02,0,0,0.99,0.632,0.021,0.021,0.019,0.019,0,0,0.834,0.956,0.017,0.017,0.015,0.015,0,0,1.74,1.758,1,1,1,3,0,0,0,0,33.333,14.286,7.143,10,0,0,0,0,-0.001,-0.004,-0.001,0,2.61,0.38,0.042,79.64678533,0.939230395,0.086126867,0.505373278,1.53073054,0.058363109,3.163064135,0.032375867,4.631753267,4.664129134,0.920132847,0,10.01679491
Sa01,5.2,7.48,9.97,0.112,0.054,0.037,6.368,0.05,6.456,57.636,33.888,33.371,4.9,0.501,0.426,0.368,0.373,0.374,0.432,0.389,0.426,0.373,0.004,0.001,0.38,1.685,0.42,0.416,0.418,0.418,0.003,0.002,0.619,0.387,0.302,0.269,0.371,0.352,0.028,0.029,-0.494,-0.242,0.168,0.154,0.056,0.056,0.029,0.025,0.973,1.137,0,0,4,20,3,7,8,8,0,0,28.571,66.667,100,100,57.143,26.667,0.067,0.003,0.034,0.016,8.5,0.4,0.203,45.84088062,1.64016627,0.378722715,0.512934497,2.531823482,3.117934621,6.018214911,0.408679981,7.603134264,8.011814246,4.536875809,0.834852841,29.10760347
Sa02,8.4,7.02,7.55,0.213,0.097,0.178,6.639,0.048,6.865,32.274,25.258,25.183,9.14,0.131,0.112,0.095,0.099,0.102,0.113,0.102,0.112,0.099,0,0,0.184,1.433,0.118,0.123,0.112,0.112,0,0.001,0.915,0.779,0.089,0.08,0.1,0.097,0.003,0.003,-0.307,-0.027,0.045,0.041,0.009,0.009,0.003,0.003,1.035,1.24,0,0,2,18,3,7,9,9,0,0,14.286,60,100,100,64.286,30,0.018,-0.004,0.009,0.005,1.5,0.3,0.387,51.27385447,0.597855606,0.046387889,0.218765758,0.863009254,2.047521357,8.408291231,0.175737601,5.084837673,5.260575275,4.625615251,0.94912451,26.57200865
Sa03,7.6,6.84,5.52,0.299,0.183,0.424,6.433,0.042,6.9,23.11,27.407,25.995,5.42,0.192,0.157,0.079,0.089,0.059,0.143,0.108,0.157,0.089,0.003,0.002,-1.053,1.607,0.104,0.107,0.089,0.089,0.003,0.004,0.746,1.021,0.095,0.082,0.084,0.069,0.005,0.004,0.604,0.923,0.052,0.046,0.016,0.016,0.004,0.003,1.646,1.949,0,0,4,20,2,3,5,5,0,0,28.571,66.667,66.667,42.857,35.714,16.667,0.057,0.018,0.009,0.005,2.2,1.02,0.079,26.34263197,0.795152921,0.294417006,0.143331575,1.232901502,4.332033925,6.546155407,0.478775156,8.813533643,9.292308799,3.189003195,1.767037666,47.29792754
Sa04,7.5,6.86,7.92,0.304,0.199,0.385,6.703,0.029,7.117,23.423,19.446,16.547,7.2,0.2,0.194,0.117,0.131,0.116,0.17,0.147,0.194,0.131,0.002,0.002,-1.699,1.508,0.149,0.151,0.131,0.131,0.001,0.002,0.67,0.891,0.118,0.105,0.12,0.117,0.004,0.004,-0.081,0.153,0.067,0.061,0.024,0.024,0.004,0.004,1.154,1.35,0,0,4,20,2,3,5,5,0,0,28.571,66.667,66.667,42.857,35.714,16.667,0.042,0.009,0.012,0.006,2,0.26,0.684,63.10757267,1.488592371,0.802908273,0.31352054,2.605021185,3.038178429,3.995937053,0.495047897,7.269708237,7.764756134,0.979904405,0.074077018,18.43455311
Ju01,6.4,7.45,8.94,0.179,0.065,0.343,5.582,0.025,5.95,33.28,23.034,23.691,13.2,1.02,1.09,0.888,0.739,0.696,0.999,0.906,1.02,0.888,0.011,0.031,-0.87,0.447,0.861,0.838,0.84,0.84,0.022,0.017,0.605,1.208,0.641,0.572,0.748,0.718,0.106,0.117,-0.517,-0.315,0.335,0.302,0.107,0.097,0.133,0.118,0.883,1.04,0,0,2,18,3,7,9,9,0,0,14.286,60,100,100,64.286,30,0.066,0.05,0.07,0.035,6.9,1.2,0.236,20.44299818,0.38378612,0.516975144,3.089962422,3.990723686,0.344727798,4.856222937,0.764379048,6.736579927,7.500958975,2.20247714,0.422541032,60.23935025
Ju02,6.6,7.19,8.33,0.147,0.054,0.245,6.258,0.03,6.533,44.444,22.489,30.916,11.6,0.198,0.254,0.213,0.149,0.144,0.222,0.205,0.213,0.213,0.001,0.003,1.225,-0.638,0.173,0.164,0.149,0.144,0.002,0.002,0.729,1.347,0.132,0.119,0.136,0.133,0.005,0.005,0.036,0.233,0.072,0.066,0.023,0.021,0.005,0.005,1.093,1.301,0,0,4,20,2,2,2,2,0,0,28.571,66.667,66.667,28.571,14.286,6.667,-0.008,0.019,0.014,0.007,2.4,0.55,0.747,15.04350205,0.083472822,0.388307175,0.78938484,1.261164837,0.367173118,4.41809106,1.130039793,5.67058576,6.800625553,1.105955014,0.029440145,70.97404822
Ju03,6.4,7.29,9.11,0.127,0.053,0.305,1.912,0,2.218,17.483,23.616,34.123,11.4,0.731,0.761,0.65,0.532,0.52,0.714,0.648,0.731,0.65,0.003,0.013,-1.216,-0.092,0.629,0.618,0.65,0.65,0.009,0.008,0.175,0.402,0.472,0.422,0.542,0.526,0.056,0.064,-0.644,-0.422,0.243,0.219,0.078,0.067,0.073,0.066,0.827,0.985,0,0,1,17,3,7,10,10,0,0,7.143,56.667,100,100,71.429,33.333,0.041,0.027,0.05,0.026,2.4,0.59,0.821,23.84064791,0.572759196,0.597939863,4.537608022,5.708307082,0.330604011,5.131918783,0.534285886,7.407360073,7.94164596,2.892467098,0.669900989,53.48450816
Ju04,5.5,7.5,9.85,0.097,0.03,0.258,6.781,0.053,7.091,72.978,23.189,25.23,7.2,0.406,0.388,0.321,0.297,0.288,0.372,0.335,0.388,0.321,0.002,0.002,-1.423,1.241,0.345,0.349,0.321,0.321,0.003,0.003,0.229,0.395,0.267,0.239,0.307,0.293,0.018,0.021,-0.644,-0.426,0.136,0.123,0.051,0.042,0.024,0.022,0.805,0.965,0,0,1,13,3,7,12,12,0,0,7.143,43.333,100,100,85.714,40,0.042,0.007,0.026,0.015,5.3,0.38,0.47,22.8168321,0.675849229,0.458187346,5.027705765,6.16174234,0.097894554,4.921539489,0.102203055,2.66281894,2.765021995,5.399918244,1.45053878,56.3865125
Tr01,14.6,8,9.36,0.115,0.032,0.028,8.785,0,8.813,76.749,34.062,43.991,5.75,2.31,1.83,1.64,1.77,2.17,1.927,1.747,1.83,1.77,0.119,0.009,1.161,-1.019,2.234,2.33,2.17,2.17,0.314,0.395,0.77,0.29,2.623,2.572,2.52,2.52,0.54,0.61,0.686,0.603,2.455,2.437,2.305,2.285,0.46,0.475,0.872,0.879,3,6,9,23,0,0,0,0,100,85.714,64.286,76.667,0,0,0,0,0.335,-0.177,-0.113,-0.004,16.5,0.9,0.015,48.04369537,2.32611569,1.634676052,2.95549549,6.916287232,0.63090641,4.220356928,0.603961538,5.308922798,5.912884336,1.567218786,1.08369168,31.62495926
Tr02,14.6,7.88,7.51,0.228,0.029,0.473,4.193,0,4.666,20.442,81.974,32.863,17.75,0.165,0.088,0.073,0.088,0.121,0.109,0.083,0.088,0.088,0.002,0,1.568,-1.719,0.137,0.152,0.121,0.121,0.004,0.007,1.126,0.751,0.189,0.182,0.196,0.196,0.006,0.008,-0.095,-0.061,0.123,0.119,0.079,0.075,0.007,0.007,1.055,1.15,1,1,1,16,0,0,1,1,33.333,14.286,7.143,53.333,0,0,7.143,3.333,0.046,-0.017,-0.012,0.005,2.5,0.25,0.263,22.71425318,4.000493763,1.62479535,2.742013747,8.36730286,0.194745478,3.390343357,0.10826521,2.502967204,2.611232413,1.098874316,2.703153541,58.92009486
Tr03,14.6,8.7,9.51,0.114,0.037,0.029,7.454,0,7.483,65.771,28.555,38.384,4.125,2.21,1.76,1.57,1.63,1.99,1.847,1.653,1.76,1.63,0.108,0.009,1.104,1.019,2.073,2.147,1.99,1.99,0.23,0.293,0.73,0.343,2.421,2.373,2.325,2.325,0.427,0.482,0.806,0.73,2.316,2.299,2.21,2.195,0.39,0.401,0.909,0.923,3,6,11,24,0,0,0,0,100,85.714,78.571,80,0,0,0,0,0.32,-0.138,-0.102,-0.009,10.5,0.65,0.333,48.98822551,2.278295845,1.643813001,2.97774435,6.899853196,0.647507529,4.242972727,0.617215489,5.34461078,5.961826269,1.57895331,1.040494655,30.64016681
Tr04,14.9,8,8.85,0.081,0.015,0.06,4.176,0,4.236,52.355,98.542,50.879,4.75,0.083,0.068,0.056,0.059,0.066,0.069,0.061,0.068,0.059,0,0,0.304,1.402,0.072,0.074,0.068,0.068,0,0,0.649,0.62,0.081,0.078,0.081,0.08,0,0,0.157,0.012,0.067,0.067,0.062,0.059,0,0,0.895,1.045,2,5,7,23,0,0,0,0,66.667,71.429,50,76.667,0,0,0,0,0.013,-0.002,-0.002,0.001,2.3,0.22,0.189,19.18870259,3.961307594,2.675588912,0,6.636896505,0.215742494,3.124617198,0.017873415,1.734711598,1.752585013,0.872225008,0,68.20923119
Tr05,14.5,8.52,10.36,0.105,0.04,0.025,7.422,0,7.447,70.725,24.421,34.9,3.25,2.1,2.53,2.5,2.16,2,2.377,2.397,2.5,2.5,0.058,0.042,-1.702,-1.691,2.34,2.544,2.16,2.5,0.147,0.325,1.224,0.934,2.194,2.158,2.08,2.045,0.336,0.362,0.881,0.909,2.069,2.057,1.995,1.965,0.329,0.332,0.952,0.996,1,4,10,23,0,0,0,0,33.333,57.143,71.429,76.667,0,0,0,0,-0.2,-0.049,0.045,0.015,12.7,0.46,0.365,51.66618801,2.382386422,1.697706741,3.052984569,7.133077732,0.68011083,4.23249009,0.624590251,5.332761814,5.957352064,1.542500889,1.107617326,27.68066306
Tr06,15.7,8.33,11.3,0.142,0.065,0.017,7.665,0,7.682,53.946,23.732,32.946,4.125,1.62,1.97,1.99,1.72,1.54,1.86,1.893,1.97,1.97,0.043,0.023,-1.714,-1.698,1.797,1.976,1.72,1.97,0.06,0.21,0.465,1.353,1.668,1.634,1.595,1.555,0.255,0.274,0.757,0.817,1.525,1.513,1.415,1.385,0.225,0.227,0.952,1.014,1,4,9,22,0,0,0,0,33.333,57.143,64.286,73.333,0,0,0,0,-0.185,-0.014,0.048,0.017,9,0.47,0.257,52.6619034,2.757081181,1.809063312,2.283010493,6.849154986,0.795895086,4.154111664,0.75565038,5.78993283,6.54558321,1.599639931,1.003625826,26.39008589
Tr07,15.6,8.32,11.12,0.143,0.058,0.015,11.804,0,11.819,82.387,36.69,44.793,4.5,0.82,1,1.04,0.904,0.779,0.953,0.981,1,1,0.014,0.005,-1.508,-1.116,0.935,1.034,0.904,1,0.018,0.059,0.532,1.374,0.944,0.944,0.932,0.932,0.051,0.051,0.999,0.999,0.98,0.978,0.915,0.915,0.09,0.091,1.308,1.3,3,6,11,23,0,0,0,0,100,85.714,78.571,76.667,0,0,0,0,-0.11,-0.016,0.004,-0.002,8.6,0.6,0.142,59.58056196,3.520836189,1.672018568,2.193402146,7.386256904,0.779231066,4.41117518,0.565650565,6.565817156,7.131467721,1.82891841,0.962158731,17.92023003
Tr08,13.1,7.82,7.18,0.078,0.012,0.123,4.569,0,4.691,60.351,23.269,63.346,4.875,0.055,0.052,0.043,0.049,0.046,0.05,0.048,0.052,0.049,0,0,-1.191,-1.262,0.052,0.05,0.052,0.049,0,0,-0.055,0.458,0.051,0.05,0.05,0.049,0,0,0.224,0.503,0.052,0.052,0.051,0.051,0,0,0.649,0.615,3,7,11,22,0,0,0,0,100,100,78.571,73.333,0,0,0,0,0.006,-0.001,0,0,2.1,0.2,0.192,44.66816413,1.095113488,9.018817358,2.765454533,12.87938538,0.165633241,3.612700597,0.047388339,2.942535689,2.989924028,1.060568905,0.178386619,34.4452371
Tr09,15.2,8.32,10.97,0.159,0.059,0.021,10.55,0.101,10.672,66.968,32.1,42.692,5.625,0.762,0.942,0.973,0.792,1.08,0.892,0.921,0.942,0.942,0.013,0.004,-1.589,-1.301,0.874,0.97,0.848,0.942,0.017,0.055,0.494,1.369,0.884,0.884,0.872,0.872,0.048,0.048,0.992,0.992,0.921,0.919,0.859,0.859,0.086,0.087,1.328,1.318,3,6,11,23,0,0,0,0,100,85.714,78.571,76.667,0,0,0,0,-0.106,-0.014,0.004,-0.002,8,0.6,0.382,60.39654787,3.64748958,1.189374738,2.155291707,6.992156025,0.810986373,4.457615342,0.592089425,6.760589923,7.352679348,1.863577602,0.992049576,17.13438786
Tr10,14,8.98,9.09,0.067,0.02,0.027,13.341,0,13.368,199.131,32.986,64.162,4.75,0.148,0.112,0.062,0.078,0.102,0.107,0.084,0.112,0.078,0.002,0.001,-0.489,0.989,0.124,0.134,0.112,0.112,0.003,0.004,0.894,0.553,0.145,0.137,0.134,0.118,0.004,0.005,0.327,0.296,0.096,0.093,0.07,0.07,0.004,0.004,1.155,1.292,0,0,0,10,0,0,0,0,0,0,0,33.333,0,0,0,0,0.043,-0.012,-0.006,0.004,1.2,0.21,0.161,61.10524242,0.302876003,0.955208652,1.926283586,3.184368241,0.244360232,4.737502004,3.975035042,8.283642739,12.25867778,0.620493836,0,17.84935549
Tr11,14.8,7.98,9.05,0.161,0.039,0.025,10.442,0,10.467,64.823,34.327,42.582,9.625,0.632,0.586,0.512,0.554,0.842,0.577,0.551,0.586,0.554,0.004,0.001,-0.677,-0.401,0.71,0.691,0.632,0.586,0.038,0.044,0.981,0.951,0.674,0.675,0.637,0.647,0.025,0.025,1.098,1.074,0.772,0.772,0.683,0.683,0.08,0.08,1.652,1.652,3,6,13,23,0,0,0,0,100,85.714,92.857,76.667,0,0,0,0,0.06,-0.062,-0.003,-0.005,8.1,0.87,0.259,61.27008784,3.980128857,0.794536641,2.134205999,6.908871496,0.876817658,4.481987092,0.416193728,6.812655863,7.228849591,1.974961101,1.094768268,16.16365696
Tr12,14.2,8.22,8.84,0.158,0.048,0.037,9.754,0,9.791,61.853,35.164,42.946,3.125,0.573,0.543,0.479,0.504,0.748,0.532,0.509,0.543,0.504,0.002,0.001,-1.003,0.637,0.66,0.646,0.573,0.543,0.037,0.041,1.091,1.054,0.629,0.632,0.58,0.602,0.023,0.023,1.206,1.158,0.731,0.732,0.634,0.634,0.076,0.076,1.677,1.678,3,6,13,23,0,0,0,0,100,85.714,92.857,76.667,0,0,0,0,0.047,-0.063,-0.004,-0.006,6.95,0.33,0.707,60.83311255,4.085440867,0.813748183,2.191240376,7.090429426,0.899389066,4.482686875,0.419350237,6.693530222,7.11288046,2.011283171,1.124024781,16.44619367
Tr13,14.3,7.99,9.62,0.688,0.038,0.037,6.103,0,6.139,8.92,23.655,30.506,87.875,0.52,0.515,0.456,0.452,0.651,0.497,0.474,0.515,0.456,0.001,0.001,-1.694,1.707,0.605,0.594,0.52,0.515,0.028,0.031,0.987,0.948,0.579,0.582,0.525,0.542,0.018,0.018,1.084,1.042,0.67,0.672,0.576,0.576,0.06,0.06,1.647,1.65,3,6,13,22,0,0,0,0,100,85.714,92.857,73.333,0,0,0,0,0.032,-0.058,-0.005,-0.006,9.4,0.46,0.448,61.57768538,4.265871317,0.543773864,2.233256435,7.042901616,0.923545198,4.351900312,0.345864412,6.1241639,6.470028312,2.067810926,1.119367391,16.44676087
Tr14,13.9,8.2,8.62,0.151,0.046,0.06,9.439,0,9.499,62.962,36.197,44.058,5.5,0.437,0.425,0.39,0.367,0.545,0.417,0.394,0.425,0.39,0.001,0.001,-1.274,0.605,0.504,0.493,0.437,0.425,0.02,0.022,1.149,1.102,0.483,0.486,0.442,0.459,0.013,0.013,1.194,1.141,0.559,0.56,0.477,0.477,0.044,0.043,1.699,1.701,3,6,13,22,0,0,0,0,100,85.714,92.857,73.333,0,0,0,0,0.024,-0.047,-0.004,-0.005,11.1,0.5,0.125,63.43942731,4.155152514,0.217519485,1.263509759,5.636181758,0.767706632,4.112985018,0.294258557,6.171956317,6.466214874,2.193280949,1.04557225,16.3386312
Tr15,13.5,7.88,6.57,0.176,0.051,0.073,7.35,0,7.423,42.101,28.091,42.894,5.625,0.324,0.299,0.28,0.241,0.389,0.301,0.273,0.299,0.28,0,0.001,0.404,-0.963,0.367,0.356,0.324,0.299,0.015,0.017,1.316,1.269,0.346,0.347,0.316,0.322,0.01,0.01,1.363,1.339,0.403,0.402,0.338,0.338,0.033,0.033,1.703,1.699,3,6,13,23,0,0,0,0,100,85.714,92.857,76.667,0,0,0,0,0.022,-0.037,-0.002,-0.003,6.6,0.42,0.294,66.17235637,4.545646044,0.192442296,1.380016095,6.118104436,0.402727423,3.817121077,0.276445898,5.949712357,6.226158256,1.82933911,1.078250336,14.35594299
Tr16,14.1,8.3,8.25,0.287,0.064,0.058,10.334,0,10.391,36.264,34.574,49.705,12.625,0.261,0.219,0.334,0.334,0.334,0.271,0.374,0.261,0.334,0.003,0.032,0.79,0.95,0.318,0.32,0.261,0.273,0.017,0.017,1.344,1.324,0.322,0.335,0.306,0.321,0.009,0.01,1.301,0.88,0.366,0.37,0.306,0.321,0.029,0.029,1.692,1.649,3,5,12,21,0,0,0,0,100,71.429,85.714,70,0,0,0,0,-0.037,0.002,0,0,4.7,0.79,0.11,66.5404641,4.748161509,0.180081021,1.379897758,6.308140288,0.390861489,3.894438389,0.293648925,6.197548504,6.491197428,1.738786336,1.008952768,13.62715921
Tr17,14,7.6,6.38,0.272,0.072,0.05,7.967,0,8.017,29.504,36.683,51.92,9.75,0.184,0.171,0.232,0.232,0.232,0.196,0.245,0.184,0.232,0.001,0.007,1.419,0.701,0.216,0.217,0.184,0.191,0.004,0.004,1.32,1.304,0.218,0.226,0.214,0.224,0.002,0.002,1.187,0.782,0.241,0.242,0.214,0.223,0.007,0.007,1.628,1.619,2,4,8,17,0,0,0,0,66.667,57.143,57.143,56.667,0,0,0,0,-0.024,0.001,-0.001,0,5.8,0.31,0.145,62.76461543,6.680163811,0.230491336,2.053525714,8.96418086,0.208706379,3.698947346,0.285564187,6.336713583,6.62227777,1.888145588,1.32795204,14.52517458
Tr18,17.8,7.02,7.75,0.229,0.093,0.086,6.958,0.121,7.165,31.247,20.411,29.064,5.125,0.031,0.029,0.021,0.023,0.024,0.025,0.043,0.025,0.029,0,0.001,-0.236,1.622,0.04,0.04,0.025,0.027,0.001,0.001,1.204,1.198,0.039,0.04,0.032,0.037,0,0,1.394,1.195,0.047,0.047,0.032,0.037,0.001,0.001,1.914,1.921,3,7,12,20,0,0,0,0,100,100,85.714,66.667,0,0,0,0,-0.001,0.002,-0.002,-0.002,1.9,0.33,0.145,58.29298223,9.893900747,0.257876584,4.980673192,15.13245052,0.359408851,3.519982809,0.598531629,8.362689946,8.961221575,0.909811967,0.57098184,12.2531602
Tr19,14.6,7.85,8.41,0.332,0.106,0.066,9.172,0,9.239,27.816,25.928,31.587,11.5,0.143,0.137,0.154,0.195,0.17,0.145,0.162,0.143,0.154,0,0.001,0.837,1.12,0.153,0.153,0.143,0.144,0,0,1.345,1.337,0.156,0.159,0.155,0.157,0,0,0.85,0.609,0.166,0.166,0.155,0.157,0.001,0.001,1.555,1.54,3,5,8,16,0,0,0,0,100,71.429,57.143,53.333,0,0,0,0,-0.006,0,-0.001,0,3.6,0.22,0.491,63.99933017,4.735007872,0.282134734,1.15602806,6.173170666,0.169280405,3.639121106,0.252030391,6.122227196,6.374257587,2.542271297,1.93483662,15.16773214
Tr20,14.1,7.86,7.87,0.147,0.047,0.271,12.006,0.071,12.347,84.204,23.463,37.204,3.75,0.023,0.029,0.021,0.059,0.059,0.024,0.036,0.023,0.029,0,0,1.305,1.445,0.033,0.034,0.023,0.026,0,0,1.148,1.128,0.035,0.037,0.034,0.036,0,0,0.779,0.446,0.042,0.042,0.034,0.036,0.001,0.001,1.408,1.403,3,5,8,16,0,0,0,0,100,71.429,57.143,53.333,0,0,0,0,0.001,-0.001,-0.001,0,2,0.135,0.352,60.4026696,3.885259761,0.022269863,1.547367212,5.454896836,0.206097455,3.36011973,0.059078253,4.932843622,4.991921875,1.143775376,4.084359478,20.35615965
Tr21,16.9,9.41,10.92,0.663,0.251,0.018,0.137,0,0.155,0.234,20.815,10.316,55.25,0.026,0.03,0.051,0.08,0.035,0.035,0.053,0.03,0.051,0,0.001,1.561,0.458,0.038,0.04,0.03,0.035,0,0,1.696,1.594,0.038,0.039,0.034,0.036,0,0,1.927,1.59,0.044,0.045,0.034,0.036,0.001,0.001,2.009,2.012,2,5,9,18,0,0,0,0,66.667,71.429,64.286,60,0,0,0,0,-0.013,0.001,0,0,2.2,0.14,0.428,69.20100932,2.605545384,0.065597078,0.188450945,2.859593407,0.111322039,4.696154732,0.696499255,9.78792415,10.4844234,5.416399597,0.012275157,7.218822345
Tr22,13.6,7.74,6.37,0.293,0.051,0.254,14.757,0.183,15.194,51.871,20.557,21.782,18.375,0.008,0.015,0.005,0.026,0.047,0.009,0.016,0.008,0.015,0,0,1.145,0.161,0.017,0.018,0.01,0.011,0,0,1.692,1.705,0.017,0.018,0.015,0.016,0,0,1.817,1.804,0.021,0.022,0.015,0.016,0,0,2.061,2.083,3,5,10,18,0,0,0,0,100,71.429,71.429,60,0,0,0,0,0.001,-0.001,0,0,1.65,0.46,0.026,76.52183872,3.154040096,0.107790874,0.070429945,3.332260916,0.116217814,3.719978605,0.13577235,6.692301598,6.828073948,0.7951468,0,8.686483199
Bo01,15,8.3,10.24,0.063,0.011,0.015,14.795,0,14.81,234.161,38.944,55.232,2.625,0.377,0.452,0.521,0.444,0.419,0.45,0.472,0.452,0.452,0.005,0.002,-0.125,1.663,0.455,0.504,0.444,0.452,0.004,0.012,0.774,1.451,0.493,0.501,0.465,0.481,0.009,0.008,0.87,0.934,0.522,0.525,0.497,0.497,0.015,0.014,1.24,1.305,3,7,13,25,0,0,0,0,100,100,92.857,83.333,0,0,0,0,-0.072,-0.013,-0.009,-0.004,4.4,0.73,0.128,48.88000543,1.290648624,1.326181478,5.509257015,8.126087117,0.339672251,4.472524206,0.229932661,3.803219233,4.033151894,1.352580503,1.446349611,31.34962899
Bo02,16.2,8.36,10.8,0.062,0.019,0.018,10.477,0,10.495,168.769,29.704,46.745,2.625,0.356,0.408,0.498,0.429,0.393,0.421,0.445,0.408,0.429,0.005,0.002,0.769,1.353,0.425,0.473,0.408,0.429,0.003,0.011,0.534,1.785,0.467,0.476,0.437,0.462,0.009,0.008,1.012,1.026,0.498,0.501,0.473,0.473,0.014,0.014,1.241,1.305,3,7,13,26,0,0,0,0,100,100,92.857,86.667,0,0,0,0,-0.071,-0.01,-0.009,-0.005,7.7,1,0.022,49.29424347,1.336605973,1.178352451,5.734234281,8.249192705,0.349149509,4.486539039,0.227853127,3.901566831,4.129419958,1.365988158,1.513758259,30.6117089
Bo03,15.9,8.67,11.88,0.06,0.008,0.024,12.313,0,12.337,205.383,34.801,45.28,3.375,0.336,0.366,0.465,0.418,0.36,0.389,0.416,0.366,0.418,0.005,0.002,1.355,-0.151,0.394,0.439,0.378,0.418,0.002,0.01,0.441,1.927,0.438,0.448,0.416,0.425,0.009,0.008,1.055,0.984,0.469,0.472,0.427,0.427,0.013,0.013,1.223,1.276,3,7,13,26,0,0,0,0,100,100,92.857,86.667,0,0,0,0,-0.065,-0.007,-0.009,-0.005,8,0.69,0.123,50.63296256,1.334632724,0.864213586,5.845726778,8.044573087,0.345934691,4.657521974,0.244838584,4.079516246,4.324354831,1.387531252,1.648770092,28.95835151
Bo04,14,8.22,12.35,0.072,0.016,0.028,14.13,0,14.158,197.382,33.537,52.157,3.625,0.303,0.32,0.41,0.387,0.317,0.344,0.372,0.32,0.387,0.003,0.002,1.563,-1.273,0.35,0.389,0.35,0.365,0.002,0.008,0.359,1.907,0.392,0.402,0.367,0.378,0.008,0.007,1.056,0.911,0.423,0.425,0.378,0.384,0.012,0.011,1.245,1.29,3,7,13,26,0,0,0,0,100,100,92.857,86.667,0,0,0,0,-0.053,-0.005,-0.008,-0.004,8,0.5,0.219,52.93317752,1.373383903,0.871936159,4.637213787,6.882533849,0.363307999,4.749488337,0.23486327,3.872888896,4.107752167,1.278660917,1.285105691,28.39997352
Bo05,18.3,8.07,10.37,0.102,0.014,0.042,20.532,0.089,20.663,201.652,29.854,53.731,7.875,0.185,0.204,0.247,0.219,0.201,0.212,0.223,0.204,0.219,0.001,0,1.061,0.858,0.213,0.24,0.214,0.219,0,0.004,0.439,2.313,0.24,0.245,0.22,0.222,0.003,0.003,1.422,1.365,0.269,0.271,0.234,0.244,0.006,0.006,1.436,1.48,3,7,13,27,0,0,0,0,100,100,92.857,90,0,0,0,0,-0.031,-0.003,-0.005,-0.004,1.4,0.11,0.256,62.27282246,1.461433808,0.721879025,2.527288943,4.710601775,0.477057383,4.249840134,0.27929412,4.460535698,4.739829818,1.319994216,1.043283204,21.18657101
Bo06,15.2,7.95,10.34,0.041,0.01,0.107,8.683,0,8.79,214.466,30.433,49.539,5.25,0.028,0.03,0.037,0.04,0.028,0.032,0.035,0.03,0.037,0,0,1.423,-1.146,0.033,0.035,0.034,0.037,0,0,-0.002,-0.473,0.035,0.036,0.036,0.036,0,0,0.505,0.258,0.035,0.035,0.034,0.034,0,0,0.525,0.541,2,4,7,16,0,0,0,0,66.667,57.143,50,53.333,0,0,0,0,-0.004,-0.001,0,0,1.6,0.1,0.288,41.45835989,0.229706011,0.641368682,13.47317847,14.34425317,0.000112307,5.403369708,0.073093381,2.833477555,2.906570936,0.751785547,0.036144256,35.09940419
Bo07,13.9,8,12.98,0.079,0.019,0.019,17.614,0.074,17.707,223.721,36.494,60.373,3.25,0.016,0.016,0.017,0.021,0.016,0.016,0.018,0.016,0.017,0,0,1.39,1.445,0.017,0.018,0.017,0.017,0,0,1.719,1.364,0.018,0.019,0.018,0.018,0,0,1.391,0.981,0.02,0.02,0.02,0.02,0,0,0.833,0.823,3,7,12,23,0,0,0,0,100,100,85.714,76.667,0,0,0,0,0,0,0,0,5.8,0.48,0.185,32.74108316,0.782619208,0.278569588,12.12947197,13.19066077,0.156371829,3.412732,0.087062855,3.177500239,3.264563095,0.683553122,0.054595337,46.49644069
Bo08,12.4,8.09,10.2,0.1,0.025,0.082,9.967,0,10.049,100.141,24.062,49.45,3.75,0.16,0.174,0.197,0.185,0.169,0.177,0.185,0.174,0.185,0,0,0.704,0.13,0.179,0.199,0.179,0.185,0,0.002,-0.116,2.406,0.204,0.209,0.185,0.188,0.002,0.002,1.423,1.336,0.236,0.238,0.207,0.216,0.005,0.005,1.46,1.5,3,7,14,28,0,0,0,0,100,100,100,93.333,0,0,0,0,-0.019,-0.002,-0.004,-0.004,4.6,0.4,0.271,65.08717732,1.6687674,0.492260363,2.684295009,4.845322772,0.533521961,3.786214755,0.235385728,4.848902127,5.084287855,1.192070099,1.013364239,18.458041
Bo09,14.3,7.89,8.84,0.193,0.106,0.3,4.896,0.17,5.365,27.862,25.889,21.938,4,0.015,0.015,0.016,0.019,0.015,0.015,0.016,0.015,0.016,0,0,1.545,1.574,0.016,0.016,0.015,0.016,0,0,1.183,0.665,0.02,0.021,0.019,0.021,0,0,1.159,0.835,0.023,0.024,0.022,0.023,0,0,1.19,1.217,3,7,13,26,0,0,0,0,100,100,92.857,86.667,0,0,0,0,0,0,-0.001,0,1.3,0.15,0.187,56.39339165,1.141576402,0.707052544,4.327396372,6.176025318,0.448282543,3.946120712,0.462783686,4.802964266,5.265747952,3.439856798,0.368120223,23.9624548
Bo10,12.3,7.84,9.86,0.086,0.009,0.112,10.429,0,10.541,123.275,24.947,54.51,6.5,0.04,0.048,0.054,0.049,0.044,0.047,0.05,0.048,0.049,0,0,-0.186,1.346,0.05,0.056,0.049,0.054,0,0,-0.359,1.853,0.053,0.054,0.049,0.052,0,0,1.329,1.312,0.063,0.064,0.055,0.056,0.001,0.001,1.318,1.334,3,7,14,27,0,0,0,0,100,100,100,90,0,0,0,0,-0.007,-0.002,0,-0.001,2,0.15,0.399,72.3891661,0.77842736,0.042270179,1.341359906,2.162057445,0.651774326,3.254754866,0.260447952,4.214059269,4.474507221,0.944140798,0,16.12359924
Bo11,11.7,7.92,11.94,0.064,0.005,0.032,8.524,0,8.556,133.052,27.268,68.757,3.125,0.069,0.072,0.081,0.077,0.068,0.074,0.077,0.072,0.077,0,0,1.285,-0.481,0.074,0.079,0.072,0.077,0,0,0.332,1.802,0.081,0.083,0.076,0.078,0,0,1.442,1.255,0.092,0.093,0.085,0.086,0.001,0.001,1.412,1.417,3,7,14,29,0,0,0,0,100,100,100,96.667,0,0,0,0,-0.006,0,-0.001,-0.001,2.8,0.35,0.158,59.62322964,3.641838048,0.880013957,2.313035955,6.83488796,0.40662356,3.394005939,0.037746684,3.33743371,3.375180394,0.878566363,2.574982101,22.91252404
Bo12,12.7,8.31,11.01,0.097,0.015,0.032,13.779,0,13.811,142.138,27.841,51.146,7,0.04,0.038,0.042,0.045,0.039,0.04,0.041,0.04,0.042,0,0,0.35,-0.237,0.04,0.042,0.04,0.042,0,0,0.509,0.499,0.046,0.047,0.045,0.046,0,0,1.258,0.923,0.051,0.052,0.048,0.049,0,0,1.442,1.365,3,7,14,28,0,0,0,0,100,100,100,93.333,0,0,0,0,-0.001,0,-0.001,-0.001,1.05,0.15,0.308,75.57729681,0.926150049,0.052846705,2.280131428,3.259128183,0.357899626,3.144788671,0.178695516,3.529681464,3.70837698,0.73212136,0,13.22038837
Je01,12,8.19,10.43,0.059,0.015,0.09,5.551,0.07,5.711,96.78,26.536,46.988,4.75,0.383,0.491,0.701,0.859,0.845,0.525,0.684,0.491,0.701,0.026,0.034,0.904,-0.419,0.673,0.711,0.701,0.701,0.031,0.016,-0.775,-0.622,0.66,0.662,0.692,0.692,0.076,0.075,0.369,0.377,0.498,0.498,0.396,0.401,0.062,0.062,1.255,1.254,2,3,7,23,0,0,0,0,66.667,42.857,50,76.667,0,0,0,0,-0.159,-0.056,0.009,0.015,5.1,0.56,0.339,34.67340319,0.906194224,1.625332194,2.637889638,5.169416056,0.875979479,3.594572637,1.285360388,3.788108473,5.073468861,1.03730963,1.183238836,48.39261131
Je02,12,8.15,7.12,0.665,0.125,1.051,0.401,0,1.452,2.183,30.48,23.423,25.25,0.263,0.339,0.483,0.584,0.545,0.362,0.469,0.339,0.483,0.012,0.015,0.875,-0.517,0.436,0.44,0.454,0.454,0.013,0.011,-0.234,-0.01,0.397,0.397,0.403,0.403,0.03,0.03,0.339,0.338,0.313,0.313,0.266,0.266,0.022,0.022,1.234,1.234,3,5,10,26,0,0,0,0,100,71.429,71.429,86.667,0,0,0,0,-0.11,-0.023,0.012,0.008,1.5,0.15,0.232,37.23749201,0.135977436,1.456360698,2.176339087,3.768677222,0.651528779,3.576295559,1.734123764,3.669666817,5.403790582,1.054289211,1.207008662,47.10091797
Je03,11.4,7.93,9.07,0.113,0.038,0.16,5.711,0.084,5.954,52.663,24.77,29.07,0,0.098,0.124,0.17,0.248,0.282,0.131,0.181,0.124,0.17,0.001,0.004,0.814,0.744,0.212,0.246,0.248,0.28,0.006,0.005,-0.539,-0.808,0.235,0.236,0.256,0.256,0.012,0.012,0.335,0.366,0.163,0.163,0.118,0.118,0.01,0.01,1.343,1.344,2,2,5,21,0,0,1,1,66.667,28.571,35.714,70,0,0,7.143,3.333,-0.036,-0.035,-0.003,0.006,3.5,0.2,0.332,26.52959183,3.372027008,2.373985154,4.42563029,10.17164245,1.636978573,3.496931857,0.053551759,3.602395131,3.65594689,0.947366679,1.181182763,52.38035896
Je04,11.5,8.82,10.91,0.071,0.006,0.108,4.747,0,4.855,68.705,24.705,52.161,5.5,0.04,0.055,0.075,0.117,0.145,0.057,0.083,0.055,0.075,0,0.001,0.318,1,0.102,0.119,0.117,0.135,0.002,0.002,-0.405,-0.919,0.11,0.11,0.105,0.105,0.003,0.003,0.407,0.416,0.067,0.066,0.038,0.036,0.003,0.003,1.375,1.373,1,1,2,18,0,0,3,3,33.333,14.286,14.286,60,0,0,21.429,10,-0.018,-0.02,-0.001,0.004,4,0.61,0.471,21.59348169,5.213152957,3.620141882,6.11853872,14.95183356,2.471355735,3.818841823,0.070675436,3.781863058,3.852538494,0.862718544,1.190524329,51.25870583
Je05,12.3,8.22,11.03,0.07,0.006,0.122,5.449,0,5.571,80.03,30.576,58.465,5.5,0.253,0.324,0.455,0.573,0.545,0.344,0.451,0.324,0.455,0.011,0.015,0.846,-0.164,0.426,0.432,0.451,0.451,0.013,0.011,-0.21,0.092,0.384,0.384,0.378,0.378,0.027,0.027,0.231,0.231,0.303,0.303,0.253,0.253,0.02,0.02,1.184,1.184,3,5,10,26,0,0,0,0,100,71.429,71.429,86.667,0,0,0,0,-0.101,-0.026,0.011,0.008,4.2,0.26,0.779,37.67586595,0.088380941,1.39266813,2.236711607,3.717760678,0.658117827,3.553643845,1.759995731,3.627116249,5.38711198,1.035464764,1.240491567,46.73154339
Je06,13,8.26,10.16,0.088,0.008,0.157,4.747,0,4.904,55.962,31.762,56.82,7.5,0.231,0.292,0.421,0.518,0.492,0.315,0.41,0.292,0.421,0.009,0.013,0.994,-0.42,0.386,0.391,0.402,0.402,0.011,0.009,-0.231,0.02,0.348,0.348,0.351,0.351,0.023,0.023,0.298,0.298,0.274,0.274,0.231,0.231,0.017,0.017,1.204,1.204,3,5,11,27,0,0,0,0,100,71.429,78.571,90,0,0,0,0,-0.095,-0.023,0.011,0.008,3.7,0.15,1.429,37.21498295,0.083864873,1.449770272,2.353032688,3.886667833,0.657286755,3.613640044,0.162254068,3.733556006,3.895810074,1.076657728,1.306513629,48.34844099
Je07,14,7.88,9.12,0.129,0.019,0.252,12.871,0.127,13.25,102.741,32.21,46.204,11.75,0.045,0.048,0.049,0.059,0.056,0.047,0.052,0.048,0.049,0,0,-1.545,1.705,0.053,0.056,0.049,0.056,0,0,0.868,0.329,0.059,0.06,0.05,0.053,0.001,0.001,2.004,1.997,0.056,0.057,0.05,0.051,0,0,2.881,2.735,3,7,12,28,0,0,1,1,100,100,85.714,93.333,0,0,7.143,3.333,-0.002,-0.002,-0.001,0,1.8,0.44,0.082,27.41834018,0.06474882,4.156452883,0.741250661,4.962452365,0.368009684,3.137974495,0.071758137,2.646849554,2.718607691,0.871919947,7.186266015,53.33642963
Je08,14.3,8.32,10.16,0.075,0.007,0.102,2.08,0,2.181,29.119,18.768,49.383,6.375,0.139,0.179,0.278,0.371,0.361,0.199,0.276,0.179,0.278,0.005,0.009,1.143,-0.094,0.263,0.267,0.276,0.276,0.007,0.006,-0.112,0.134,0.224,0.222,0.225,0.225,0.014,0.014,0.13,0.139,0.165,0.164,0.135,0.126,0.01,0.01,1.087,1.097,2,2,7,23,0,0,0,0,66.667,28.571,50,76.667,0,0,0,0,-0.07,-0.02,0.01,0.006,2.4,0.34,0.389,44.47094058,0.087492236,1.287537426,0.551957985,1.926987647,0.680710128,4.275505541,0.166334698,4.739820997,4.906155695,1.32817698,0.120972143,42.29055129
Je09,14.8,8.05,9.62,0.094,0.014,0.105,4.254,0,4.359,46.376,36.305,73.545,6.625,0.065,0.084,0.119,0.16,0.157,0.089,0.121,0.084,0.119,0.001,0.001,0.828,0.232,0.116,0.12,0.119,0.119,0.001,0.001,-0.123,0.272,0.11,0.11,0.095,0.095,0.004,0.004,0.905,0.906,0.078,0.077,0.063,0.061,0.003,0.003,1.719,1.718,2,2,7,23,0,0,0,0,66.667,28.571,50,76.667,0,0,0,0,-0.027,-0.008,0.002,0.003,2.2,0.27,0.174,44.83309749,0.167050265,2.394387135,0.292442971,2.853880371,1.471455421,5.267821208,0.345576236,5.732414757,6.077990993,1.920117991,0.127732849,37.44790367
Je10,13,8.2,7.35,0.066,0.007,0.174,4.6,0,4.774,71.866,26.097,84.92,7.625,0.034,0.055,0.087,0.143,0.137,0.059,0.095,0.055,0.087,0.001,0.002,0.603,0.808,0.092,0.097,0.087,0.087,0.002,0.001,-0.102,0.346,0.07,0.068,0.075,0.075,0.002,0.002,0.091,0.066,0.038,0.037,0.017,0.015,0.002,0.002,1.213,1.233,0,0,3,19,0,0,0,0,0,0,21.429,63.333,0,0,0,0,-0.026,-0.011,0.005,0.004,1.3,0.4,0.272,65.82286801,0.011070716,0.729805304,0.118397402,0.859273422,0.195286353,3.905888678,0,4.365296457,4.365296457,0.660081341,0.19489578,23.99640996
Ki01,13.2,7.81,8,0.305,0.146,0.057,14.565,0.176,14.799,48.476,34.044,46.239,6.75,0.069,0.045,0.079,0.222,0.153,0.064,0.115,0.069,0.079,0,0.009,-1.136,1.468,0.094,0.094,0.069,0.071,0.005,0.005,1.402,1.394,0.094,0.1,0.08,0.085,0.002,0.003,1.416,1.041,0.115,0.117,0.08,0.085,0.008,0.008,1.743,1.663,3,6,13,23,0,0,0,0,100,85.714,92.857,76.667,0,0,0,0,-0.005,0,0,0,3.4,0.38,0.294,73.13915872,1.922117471,0.085306116,0.362899364,2.37032295,0.677458526,4.123952691,0.158600386,5.662999454,5.82159984,1.512483223,0.558885165,11.79613888
Ki02,13.4,7.73,8.05,0.386,0.264,0.273,14.022,0.23,14.525,37.644,29.589,30.31,7.5,0.057,0.046,0.048,0.184,0.145,0.05,0.093,0.048,0.048,0,0.006,1.572,1.731,0.079,0.079,0.048,0.048,0.004,0.004,1.313,1.317,0.079,0.083,0.063,0.074,0.002,0.002,1.33,0.999,0.097,0.099,0.063,0.074,0.006,0.006,1.693,1.625,3,5,12,23,0,0,0,0,100,71.429,85.714,76.667,0,0,0,0,0.004,0,0,0,2.9,0.26,0.189,72.28317718,2.317304568,0.070046798,0.433352094,2.82070346,0.63529271,4.13171376,0.153655832,5.260231797,5.413887629,1.664285534,0.673821848,12.37711788
Ki03,13.1,7.73,6.81,0.491,0.216,0.997,13.836,0.383,15.215,31.002,31.81,27.088,19.625,0.011,0.015,0.005,0.043,0.048,0.011,0.021,0.011,0.015,0,0,-0.735,1.259,0.021,0.021,0.011,0.014,0,0,1.149,1.121,0.02,0.02,0.015,0.016,0,0,1.395,1.37,0.023,0.024,0.015,0.016,0,0,2.247,2.256,3,5,11,22,0,0,0,0,100,71.429,78.571,73.333,0,0,0,0,0.003,-0.001,0,0,1.1,0.22,0.195,74.21394434,1.548094284,0.045107288,0.262401958,1.85560353,0.522497626,5.13746601,0.224670116,8.542861347,8.767531463,1.276069126,0,8.2268879
Ki04,13.3,7.76,4.15,0.489,0.332,0.144,14.16,0.118,14.422,29.513,31.037,32.449,6.5,0.034,0.031,0.024,0.114,0.089,0.03,0.056,0.031,0.031,0,0.003,-0.985,1.699,0.047,0.047,0.031,0.031,0.001,0.001,1.295,1.311,0.048,0.05,0.037,0.045,0.001,0.001,1.252,0.95,0.059,0.061,0.037,0.045,0.002,0.002,1.592,1.499,3,5,12,23,0,0,0,0,100,71.429,85.714,76.667,0,0,0,0,0.005,0,0,0,2.5,0.27,0.318,68.15271448,3.00798969,0.082346218,0.307582436,3.397918344,0.255562979,3.813915984,0.183663669,5.028619261,5.21228293,2.147699968,1.116616466,15.90328884
Ki05,12.6,6.73,4.61,0.31,0.232,0.04,31.778,0.097,31.915,103.112,41.068,50.469,3.25,0.013,0.018,0.01,0.037,0.044,0.014,0.022,0.013,0.018,0,0,0.892,1.174,0.021,0.021,0.013,0.014,0,0,1.193,1.185,0.021,0.022,0.018,0.02,0,0,1.227,0.932,0.026,0.026,0.018,0.02,0,0,1.646,1.649,3,5,8,16,0,0,0,0,100,71.429,57.143,53.333,0,0,0,0,0.001,-0.001,0,0,1.1,0.54,0.064,63.78505193,4.521406119,0.145841726,0.020996415,4.688244261,0.548407613,4.887267354,0.428629055,6.263587592,6.692216647,1.256229078,0.029111035,18.11347208
Ki06,19.2,8.24,2.93,1.102,0.627,0.165,0.253,0,0.418,0.379,24.26,10.586,28.625,0.007,0.018,0.007,0.031,0.065,0.011,0.019,0.007,0.018,0,0,1.73,0.198,0.02,0.02,0.007,0.007,0,0,1.779,1.775,0.02,0.021,0.015,0.018,0,0,1.648,1.521,0.026,0.026,0.015,0.018,0.001,0.001,1.504,1.502,3,6,13,23,0,0,0,0,100,85.714,92.857,76.667,0,0,0,0,0,-0.001,0,0,3.4,0.5,0.019,73.50039415,1.941399543,0.068653263,0.62145591,2.631508716,0.081579648,2.976790241,0.025807382,4.007297235,4.033104616,3.084168193,1.475332573,12.21712187
Ki07,13.6,7.81,4.88,0.622,0.316,1.51,16.73,0.734,18.975,30.495,23.937,30.421,25.25,0.004,0.008,0.004,0.016,0.022,0.005,0.009,0.004,0.008,0,0,1.695,0.995,0.009,0.009,0.004,0.005,0,0,1.385,1.393,0.009,0.01,0.008,0.008,0,0,1.39,1.037,0.012,0.012,0.008,0.008,0,0,1.553,1.554,3,5,10,19,0,0,0,0,100,71.429,71.429,63.333,0,0,0,0,0,0,0,0,2,0.38,0.018,79.64678533,0.939230395,0.086126867,0.505373278,1.53073054,0.058363109,3.163064135,0.032375867,4.631753267,4.664129134,0.920132847,0,10.01679491
Sa01,16.7,7.92,7.31,0.089,0.017,0.077,3.238,0,3.315,37.228,26.274,29.668,6.875,0.091,0.096,0.089,0.101,0.096,0.092,0.095,0.091,0.096,0,0,1.206,-0.728,0.107,0.108,0.096,0.097,0,0,1.272,1.296,0.108,0.11,0.104,0.106,0,0,1.028,0.986,0.125,0.127,0.12,0.121,0.001,0.001,1.435,1.364,3,7,14,26,0,0,0,0,100,100,100,86.667,0,0,0,0,0.001,-0.009,-0.002,-0.002,4.4,0.34,0.202,45.84088062,1.64016627,0.378722715,0.512934497,2.531823482,3.117934621,6.018214911,0.408679981,7.603134264,8.011814246,4.536875809,0.834852841,29.10760347
Sa02,12.5,7.65,7.79,0.036,0.006,0.019,8.21,0,8.229,228.334,40.444,53.875,0.131,0.009,0.013,0.006,0.011,0.005,0.009,0.01,0.009,0.011,0,0,-0.18,-1.208,0.013,0.013,0.011,0.011,0,0,1.514,1.508,0.013,0.013,0.011,0.011,0,0,1.625,1.623,0.016,0.016,0.012,0.012,0,0,2.234,2.244,3,5,11,23,0,0,0,0,100,71.429,78.571,76.667,0,0,0,0,0.002,-0.003,0,0,1.8,0.18,0.252,51.27385447,0.597855606,0.046387889,0.218765758,0.863009254,2.047521357,8.408291231,0.175737601,5.084837673,5.260575275,4.625615251,0.94912451,26.57200865
Sa03,15,7.75,4.72,0.513,0.034,0.465,2.498,0,2.963,5.775,26.654,25.12,50,0.031,0.036,0.024,0.033,0.019,0.03,0.031,0.031,0.033,0,0,-0.681,-1.317,0.04,0.04,0.033,0.033,0,0,1.329,1.321,0.039,0.04,0.034,0.034,0,0,1.468,1.466,0.045,0.045,0.037,0.038,0.001,0.001,2.331,2.336,3,5,9,20,0,0,0,1,100,71.429,64.286,66.667,0,0,7.143,3.333,0.004,-0.007,-0.001,-0.001,2.4,0.86,0.05,26.34263197,0.795152921,0.294417006,0.143331575,1.232901502,4.332033925,6.546155407,0.478775156,8.813533643,9.292308799,3.189003195,1.767037666,47.29792754
Sa04,14,8.22,8.41,0.163,0.03,0.164,37.486,0.246,37.896,232.15,39.648,57.427,11,0.026,0.033,0.023,0.03,0.022,0.027,0.029,0.026,0.03,0,0,1.034,-1.213,0.033,0.034,0.03,0.031,0,0,1.966,1.924,0.034,0.034,0.032,0.032,0,0,1.893,1.921,0.038,0.038,0.035,0.035,0,0,2.195,2.217,3,6,13,26,0,0,0,0,100,85.714,92.857,86.667,0,0,0,0,0.002,-0.004,-0.001,0,1.7,0.2,0.156,63.10757267,1.488592371,0.802908273,0.31352054,2.605021185,3.038178429,3.995937053,0.495047897,7.269708237,7.764756134,0.979904405,0.074077018,18.43455311
Ju01,14.6,8.32,7.57,0.093,0.026,0.026,2.826,0,2.852,30.576,39.549,46.024,4.25,0.194,0.167,0.153,0.146,0.157,0.171,0.155,0.167,0.153,0,0,0.895,0.935,0.162,0.166,0.157,0.157,0,0.001,1.699,2.305,0.184,0.181,0.173,0.167,0.001,0.001,1.243,1.407,0.196,0.196,0.183,0.183,0.002,0.002,1.08,1.093,3,7,11,21,0,0,0,0,100,100,78.571,70,0,0,0,0,0.021,0.004,-0.005,-0.002,5.7,0.5,0.189,20.44299818,0.38378612,0.516975144,3.089962422,3.990723686,0.344727798,4.856222937,0.764379048,6.736579927,7.500958975,2.20247714,0.422541032,60.23935025
Ju02,13.8,8.01,7.69,0.042,0.008,0.188,1.4,0,1.588,37.448,37.308,64.518,3.25,0.076,0.069,0.061,0.061,0.061,0.069,0.064,0.069,0.061,0,0,-0.061,1.728,0.065,0.065,0.062,0.062,0,0,1.61,1.898,0.072,0.071,0.068,0.067,0,0,1.108,1.29,0.077,0.077,0.074,0.074,0,0,1.046,1.049,3,7,12,23,0,0,0,0,100,100,85.714,76.667,0,0,0,0,0.007,0.002,-0.002,-0.001,2.3,0.21,0.203,15.04350205,0.083472822,0.388307175,0.78938484,1.261164837,0.367173118,4.41809106,1.130039793,5.67058576,6.800625553,1.105955014,0.029440145,70.97404822
Ju03,15.3,8.11,7.75,0.157,0.04,0.185,3.321,0.107,3.613,23.033,29.275,41.952,8.125,0.106,0.091,0.078,0.075,0.077,0.091,0.081,0.091,0.078,0,0,0.179,1.611,0.084,0.085,0.078,0.078,0,0,1.729,2.009,0.097,0.095,0.089,0.084,0.001,0.001,1.087,1.3,0.103,0.102,0.095,0.093,0.001,0.001,1.093,1.141,3,7,11,21,0,0,0,0,100,100,78.571,70,0,0,0,0,0.014,0.004,-0.003,-0.001,2.7,0.32,0.251,23.84064791,0.572759196,0.597939863,4.537608022,5.708307082,0.330604011,5.131918783,0.534285886,7.407360073,7.94164596,2.892467098,0.669900989,53.48450816
Ju04,16.9,8.6,6.95,0.399,0.199,0.049,0.104,0,0.153,0.384,33.469,41.647,18.875,0.03,0.026,0.021,0.021,0.021,0.026,0.023,0.026,0.021,0,0,-0.442,1.73,0.023,0.023,0.021,0.021,0,0,1.325,1.325,0.027,0.026,0.025,0.023,0,0,1.028,1.273,0.029,0.028,0.027,0.026,0,0,1.088,1.144,3,7,11,22,0,0,0,0,100,100,78.571,73.333,0,0,0,0,0.004,0.001,-0.001,0,4.9,0.15,0.332,22.8168321,0.675849229,0.458187346,5.027705765,6.16174234,0.097894554,4.921539489,0.102203055,2.66281894,2.765021995,5.399918244,1.45053878,56.3865125
