,H01,H02,H03,H04,H05,H06,H07,H08,H09,H10,H11,H12,H13,H14,H15,H16,H17,H18,H19,H20,H21,H22,H23,H24,H25,H26,H27,H28,H29,H30,H31,H32,H33,H34,H35,H36,H37,H38,H39,H40,H41,H42,H43,H44,H45,H46,H47,H48,H49,H50,H51,H52,H53,H54,H55,H56,H57,WIDTH,DEPTH,VELOCITY
Tr01,16.470,15.120,13.950,13.680,14.490,15.180,14.250,15.120,13.950,1.590,0.586,0.214,1.493,15.377,15.326,15.120,15.120,2.153,2.040,0.380,0.490,11.242,10.185,13.815,12.735,31.574,35.310,-0.607,-0.320,6.406,5.924,2.957,2.786,35.458,32.390,0.888,1.069,0.000,0.000,1.000,14.000,3.000,7.000,9.000,9.000,0.000,0.000,7.143,46.667,100.000,100.000,64.286,30.000,1.260,-0.228,1.140,0.559,17.100,1.300,0.346
Tr02,0.709,0.726,0.697,0.678,0.669,0.711,0.700,0.709,0.697,0.000,0.001,0.448,0.647,0.727,0.770,0.709,0.717,0.006,0.017,2.242,1.393,0.621,0.576,0.687,0.673,0.064,0.084,-0.598,-0.439,0.349,0.329,0.192,0.169,0.097,0.095,0.745,0.910,0.000,0.000,0.000,8.000,3.000,7.000,12.000,12.000,0.000,0.000,0.000,26.667,100.000,100.000,85.714,40.000,0.006,-0.018,0.039,0.029,2.800,0.700,0.792
Tr03,15.840,14.490,13.140,12.960,13.500,14.490,13.530,14.490,13.140,1.823,0.699,0.000,1.642,14.529,14.464,14.490,14.490,1.960,1.792,0.283,0.369,10.666,9.648,13.050,12.195,28.221,31.378,-0.617,-0.335,6.072,5.608,2.772,2.592,31.861,28.944,0.884,1.061,0.000,0.000,1.000,16.000,3.000,7.000,9.000,9.000,0.000,0.000,7.143,53.333,100.000,100.000,64.286,30.000,1.350,-0.141,1.082,0.531,11.400,2.000,0.611
Tr04,0.238,0.251,0.239,0.232,0.230,0.243,0.241,0.239,0.239,0.000,0.000,1.615,0.690,0.242,0.251,0.238,0.239,0.000,0.001,1.499,1.465,0.217,0.206,0.234,0.231,0.003,0.005,-0.699,-0.529,0.153,0.149,0.118,0.113,0.005,0.005,0.711,0.877,0.000,0.000,0.000,0.000,3.000,7.000,10.000,10.000,0.000,0.000,0.000,0.000,100.000,100.000,71.429,33.333,-0.001,-0.002,0.009,0.007,3.100,0.480,0.236
Tr05,14.580,13.590,12.060,11.880,12.330,13.410,12.510,13.590,12.060,1.612,0.883,-0.625,1.661,13.333,13.359,13.590,13.590,1.667,1.747,0.268,0.266,9.988,9.051,11.970,11.655,23.480,26.509,-0.663,-0.380,5.664,5.238,2.556,2.354,27.547,25.135,0.857,1.032,0.000,0.000,1.000,14.000,3.000,7.000,9.000,9.000,0.000,0.000,7.143,46.667,100.000,100.000,64.286,30.000,1.260,-0.084,0.971,0.494,14.000,0.600,9.150
Tr06,11.250,10.710,9.630,9.540,10.080,10.530,9.960,10.710,9.630,0.680,0.424,-0.935,1.695,10.684,10.813,10.710,10.710,1.058,1.343,0.564,0.371,8.162,7.446,9.630,9.585,14.539,16.956,-0.703,-0.410,4.655,4.330,2.201,2.007,17.730,16.461,0.829,1.009,0.000,0.000,1.000,13.000,3.000,7.000,10.000,10.000,0.000,0.000,7.143,43.333,100.000,100.000,71.429,33.333,0.810,-0.174,0.738,0.395,14.500,0.650,9.080
Tr07,8.145,7.524,6.606,6.534,7.011,7.425,6.888,7.524,6.606,0.599,0.305,-0.566,1.699,7.497,7.487,7.524,7.524,0.681,0.666,0.213,0.238,5.426,4.884,6.570,6.260,8.408,9.348,-0.614,-0.322,2.947,2.700,1.112,1.026,9.358,8.529,0.893,1.074,0.000,0.000,1.000,14.000,3.000,7.000,9.000,9.000,0.000,0.000,7.143,46.667,100.000,100.000,64.286,30.000,0.770,-0.106,0.581,0.286,11.400,1.450,10.240
Tr08,0.518,0.454,0.361,0.331,0.290,0.444,0.382,0.454,0.361,0.006,0.004,-0.540,1.320,0.370,0.337,0.347,0.331,0.007,0.004,1.019,1.363,0.231,0.194,0.286,0.220,0.029,0.025,0.067,0.112,0.114,0.097,0.016,0.016,0.025,0.020,1.289,1.364,0.000,0.000,4.000,20.000,3.000,7.000,8.000,8.000,0.000,0.000,28.571,66.667,100.000,100.000,57.143,26.667,0.078,0.032,0.039,0.015,4.000,0.550,7.780
Tr09,7.065,6.228,6.156,6.678,7.569,6.483,6.354,6.228,6.228,0.255,0.080,1.693,1.607,7.115,6.942,7.065,6.678,0.671,0.903,0.224,0.370,4.672,4.206,6.003,4.725,8.413,9.053,-0.330,-0.027,2.590,2.379,0.999,0.900,7.716,7.100,1.068,1.278,0.000,0.000,2.000,15.000,3.000,7.000,8.000,8.000,0.000,0.000,14.286,50.000,100.000,100.000,57.143,26.667,0.455,-0.277,0.592,0.251,9.800,1.050,0.659
Tr10,0.640,0.619,0.604,0.600,0.644,0.621,0.608,0.619,0.604,0.000,0.000,0.444,1.485,0.691,0.717,0.640,0.644,0.015,0.017,1.391,0.604,0.525,0.482,0.602,0.587,0.070,0.085,-0.447,-0.231,0.290,0.271,0.141,0.117,0.083,0.080,0.886,1.064,0.000,0.000,1.000,8.000,3.000,7.000,11.000,11.000,0.000,0.000,7.143,26.667,100.000,100.000,78.571,36.667,0.018,-0.045,0.045,0.026,1.600,0.340,0.759
Tr11,6.291,5.445,5.175,5.670,6.426,5.637,5.430,5.445,5.445,0.339,0.061,1.323,-0.271,6.112,5.934,6.291,5.670,0.490,0.639,-0.027,0.373,3.978,3.562,5.108,4.064,6.425,6.777,-0.334,-0.027,2.192,2.003,0.764,0.702,5.777,5.247,1.075,1.285,0.000,0.000,3.000,18.000,3.000,7.000,8.000,8.000,0.000,0.000,21.429,60.000,100.000,100.000,57.143,26.667,0.558,-0.205,0.521,0.217,9.700,1.100,0.000
Tr12,5.958,5.139,4.851,5.319,6.066,5.316,5.103,5.139,5.139,0.330,0.056,1.255,-0.670,5.795,5.657,5.958,5.319,0.503,0.583,-0.023,0.478,3.814,3.421,4.923,3.965,5.737,6.084,-0.349,-0.042,2.109,1.931,0.746,0.684,5.211,4.745,1.065,1.274,0.000,0.000,3.000,17.000,3.000,7.000,8.000,8.000,0.000,0.000,21.429,56.667,100.000,100.000,57.143,26.667,0.554,-0.215,0.487,0.206,10.000,0.990,0.359
Tr13,5.562,4.878,4.437,4.842,5.508,4.959,4.719,4.878,4.842,0.321,0.060,0.630,-1.690,5.356,5.243,5.508,4.878,0.436,0.471,-0.048,0.505,3.556,3.190,4.604,3.686,4.852,5.149,-0.367,-0.062,1.973,1.807,0.715,0.648,4.451,4.046,1.053,1.259,0.000,0.000,2.000,15.000,3.000,7.000,8.000,8.000,0.000,0.000,14.286,50.000,100.000,100.000,57.143,26.667,0.563,-0.187,0.447,0.191,11.400,0.800,0.375
Tr14,4.752,4.167,3.897,4.203,4.851,4.272,4.089,4.167,4.167,0.191,0.028,1.019,-1.642,4.676,4.580,4.752,4.203,0.379,0.427,0.177,0.593,3.086,2.774,3.987,3.164,3.729,3.974,-0.321,-0.016,1.723,1.582,0.639,0.585,3.361,3.075,1.079,1.290,0.000,0.000,2.000,15.000,3.000,7.000,8.000,8.000,0.000,0.000,14.286,50.000,100.000,100.000,57.143,26.667,0.428,-0.195,0.388,0.164,13.000,0.850,0.284
Tr15,3.762,3.528,3.771,4.401,5.049,3.687,3.900,3.762,3.771,0.019,0.203,-1.724,1.183,4.179,3.954,3.771,3.771,0.397,0.970,0.646,-0.764,2.521,2.276,2.858,1.742,3.360,3.547,0.005,0.296,1.430,1.320,0.521,0.510,2.591,2.423,1.302,1.534,0.000,0.000,3.000,12.000,3.000,7.000,7.000,7.000,0.000,0.000,21.429,40.000,100.000,100.000,50.000,23.333,-0.005,-0.149,0.374,0.138,8.200,0.850,0.162
Tr16,3.600,3.357,3.555,4.158,4.797,3.504,3.690,3.555,3.555,0.017,0.174,-1.499,1.304,3.986,3.774,3.654,3.654,0.359,0.865,0.667,-0.724,2.405,2.169,2.736,1.678,3.064,3.235,-0.002,0.289,1.358,1.252,0.487,0.473,2.372,2.217,1.296,1.528,0.000,0.000,3.000,9.000,3.000,7.000,7.000,7.000,0.000,0.000,21.429,30.000,100.000,100.000,50.000,23.333,0.023,-0.152,0.357,0.132,7.700,0.880,0.235
Tr17,2.295,2.169,2.313,2.772,3.159,2.259,2.418,2.295,2.313,0.006,0.099,-1.630,1.334,2.548,2.394,2.313,2.313,0.172,0.429,0.566,-0.799,1.519,1.370,1.683,0.972,1.285,1.349,0.063,0.354,0.858,0.790,0.304,0.296,0.974,0.911,1.346,1.583,0.000,0.000,3.000,7.000,3.000,7.000,7.000,7.000,0.000,0.000,21.429,23.333,100.000,100.000,50.000,23.333,-0.009,-0.073,0.232,0.084,7.800,0.650,0.732
Tr18,0.600,0.545,0.534,0.601,0.725,0.560,0.560,0.545,0.545,0.001,0.001,1.523,1.529,0.644,0.620,0.601,0.601,0.010,0.016,0.434,-0.044,0.390,0.349,0.483,0.317,0.084,0.089,-0.101,0.198,0.207,0.189,0.057,0.050,0.068,0.063,1.226,1.452,0.000,0.000,2.000,8.000,3.000,7.000,8.000,8.000,0.000,0.000,14.286,26.667,100.000,100.000,57.143,26.667,0.033,-0.036,0.058,0.023,1.700,0.620,0.707
Tr19,1.206,1.161,1.188,1.413,1.683,1.185,1.254,1.188,1.188,0.001,0.019,-0.586,1.658,1.359,1.282,1.206,1.206,0.052,0.121,0.798,-0.645,0.830,0.754,0.914,0.537,0.343,0.361,0.101,0.383,0.488,0.454,0.203,0.197,0.260,0.244,1.370,1.605,0.000,0.000,3.000,6.000,3.000,7.000,7.000,7.000,0.000,0.000,21.429,20.000,100.000,100.000,50.000,23.333,0.009,-0.053,0.117,0.043,3.500,0.810,0.513
Tr20,0.714,0.687,0.673,0.776,0.963,0.691,0.712,0.687,0.687,0.000,0.003,0.935,1.618,0.802,0.763,0.776,0.776,0.018,0.037,0.846,-0.403,0.477,0.429,0.556,0.328,0.131,0.139,0.017,0.302,0.257,0.235,0.077,0.072,0.103,0.097,1.305,1.535,0.000,0.000,1.000,1.000,3.000,7.000,8.000,8.000,0.000,0.000,7.143,3.333,100.000,100.000,57.143,26.667,0.020,-0.042,0.072,0.027,6.900,1.150,0.212
Tr21,0.408,0.406,0.414,0.455,0.494,0.409,0.425,0.408,0.414,0.000,0.001,1.390,1.552,0.438,0.411,0.414,0.414,0.002,0.009,0.577,-1.582,0.257,0.229,0.302,0.158,0.039,0.040,-0.067,0.242,0.141,0.129,0.046,0.043,0.029,0.027,1.267,1.503,0.000,0.000,3.000,9.000,3.000,7.000,7.000,7.000,0.000,0.000,21.429,30.000,100.000,100.000,50.000,23.333,-0.003,-0.008,0.041,0.015,3.600,0.400,0.834
Tr22,0.279,0.248,0.241,0.251,0.295,0.256,0.247,0.248,0.248,0.000,0.000,1.545,-0.782,0.281,0.274,0.279,0.251,0.001,0.002,0.342,0.510,0.177,0.158,0.235,0.170,0.015,0.016,-0.238,0.072,0.096,0.088,0.031,0.029,0.013,0.012,1.141,1.360,0.000,0.000,2.000,5.000,3.000,7.000,8.000,8.000,0.000,0.000,14.286,16.667,100.000,100.000,57.143,26.667,0.019,-0.013,0.025,0.010,4.000,0.900,0.218
Bo01,0.239,0.239,0.239,0.243,0.246,0.239,0.240,0.239,0.239,0.000,0.000,#DIV/0!,1.732,0.247,0.254,0.243,0.246,0.000,0.000,1.259,1.111,0.280,0.284,0.269,0.277,0.002,0.002,0.567,0.465,0.274,0.274,0.267,0.267,0.001,0.001,1.006,1.031,3.000,7.000,14.000,30.000,0.000,0.000,0.000,0.000,100.000,100.000,100.000,100.000,0.000,0.000,0.000,0.000,0.000,-0.005,-0.007,0.000,6.600,0.500,0.249
Bo02,0.234,0.234,0.234,0.238,0.241,0.234,0.235,0.234,0.234,0.000,0.000,#DIV/0!,1.732,0.242,0.247,0.238,0.241,0.000,0.000,1.405,1.065,0.273,0.276,0.263,0.270,0.001,0.001,0.549,0.449,0.268,0.269,0.262,0.263,0.001,0.001,0.951,0.965,3.000,7.000,14.000,30.000,0.000,0.000,0.000,0.000,100.000,100.000,100.000,100.000,0.000,0.000,0.000,0.000,0.000,-0.004,-0.007,0.000,7.000,0.650,0.000
Bo03,0.222,0.221,0.221,0.225,0.230,0.222,0.223,0.221,0.221,0.000,0.000,1.732,1.732,0.229,0.234,0.225,0.230,0.000,0.000,1.385,1.038,0.260,0.263,0.252,0.258,0.001,0.001,0.536,0.434,0.257,0.258,0.252,0.255,0.001,0.001,0.888,0.892,3.000,7.000,14.000,30.000,0.000,0.000,0.000,0.000,100.000,100.000,100.000,100.000,0.000,0.000,0.000,0.000,0.000,-0.004,-0.007,0.000,6.200,0.240,0.373
Bo04,0.210,0.210,0.210,0.212,0.216,0.210,0.211,0.210,0.210,0.000,0.000,#DIV/0!,1.732,0.216,0.221,0.212,0.216,0.000,0.000,1.467,1.178,0.247,0.250,0.239,0.245,0.001,0.001,0.549,0.444,0.244,0.246,0.243,0.243,0.001,0.001,0.828,0.816,3.000,7.000,14.000,30.000,0.000,0.000,0.000,0.000,100.000,100.000,100.000,100.000,0.000,0.000,0.000,0.000,0.000,-0.004,-0.007,0.000,8.400,0.220,0.164
Bo05,0.169,0.169,0.168,0.171,0.175,0.169,0.170,0.169,0.169,0.000,0.000,-1.732,0.935,0.175,0.179,0.171,0.175,0.000,0.000,1.329,1.099,0.200,0.203,0.194,0.200,0.001,0.001,0.686,0.543,0.201,0.202,0.200,0.202,0.001,0.001,0.696,0.692,3.000,7.000,14.000,30.000,0.000,0.000,0.000,0.000,100.000,100.000,100.000,100.000,0.000,0.000,0.000,0.000,0.000,-0.003,-0.006,0.000,4.700,0.250,0.703
Bo06,0.009,0.009,0.009,0.009,0.009,0.009,0.009,0.009,0.009,0.000,0.000,0.782,0.000,0.009,0.009,0.009,0.009,0.000,0.000,1.101,1.573,0.011,0.011,0.010,0.010,0.000,0.000,0.828,0.842,0.010,0.010,0.009,0.009,0.000,0.000,1.580,1.532,3.000,7.000,14.000,30.000,0.000,0.000,0.000,0.000,100.000,100.000,100.000,100.000,0.000,0.000,0.000,0.000,0.000,0.000,-0.001,0.000,1.700,0.110,0.361
Bo07,0.006,0.006,0.006,0.006,0.006,0.006,0.006,0.006,0.006,0.000,0.000,0.935,1.390,0.006,0.006,0.006,0.006,0.000,0.000,0.140,0.720,0.006,0.006,0.006,0.006,0.000,0.000,3.445,3.365,0.006,0.006,0.006,0.006,0.000,0.000,1.183,1.254,3.000,7.000,14.000,30.000,0.000,0.000,0.000,0.000,100.000,100.000,100.000,100.000,0.000,0.000,0.000,0.000,0.000,0.000,0.000,0.000,2.300,0.150,0.422
Bo08,0.161,0.163,0.161,0.164,0.167,0.162,0.163,0.161,0.163,0.000,0.000,1.732,-0.935,0.166,0.170,0.164,0.167,0.000,0.000,1.235,1.108,0.186,0.189,0.182,0.189,0.001,0.001,0.683,0.466,0.190,0.191,0.189,0.192,0.000,0.000,0.398,0.367,3.000,7.000,14.000,30.000,0.000,0.000,0.000,0.000,100.000,100.000,100.000,100.000,0.000,0.000,0.000,0.000,0.000,-0.003,-0.005,-0.001,3.200,0.290,0.813
Bo09,0.015,0.015,0.015,0.015,0.015,0.015,0.015,0.015,0.015,0.000,0.000,1.458,1.732,0.015,0.015,0.015,0.015,0.000,0.000,0.043,-0.393,0.015,0.015,0.015,0.015,0.000,0.000,2.496,1.835,0.016,0.016,0.015,0.016,0.000,0.000,2.695,2.553,3.000,7.000,14.000,30.000,0.000,0.000,0.000,0.000,100.000,100.000,100.000,100.000,0.000,0.000,0.000,0.000,0.000,0.000,0.000,0.000,1.600,0.230,0.188
Bo10,0.046,0.047,0.046,0.048,0.049,0.046,0.047,0.046,0.047,0.000,0.000,0.423,-0.670,0.049,0.050,0.048,0.049,0.000,0.000,1.141,1.294,0.059,0.061,0.056,0.059,0.000,0.000,0.843,0.678,0.059,0.060,0.059,0.059,0.000,0.000,0.741,0.763,3.000,7.000,14.000,30.000,0.000,0.000,0.000,0.000,100.000,100.000,100.000,100.000,0.000,0.000,0.000,0.000,0.000,-0.001,-0.002,0.000,3.750,0.380,0.124
Bo11,0.077,0.078,0.077,0.078,0.079,0.077,0.078,0.077,0.078,0.000,0.000,0.586,-0.816,0.079,0.081,0.078,0.079,0.000,0.000,0.902,1.146,0.087,0.088,0.085,0.088,0.000,0.000,0.640,0.441,0.090,0.090,0.090,0.090,0.000,0.000,-0.012,-0.047,3.000,7.000,14.000,30.000,0.000,0.000,0.000,0.000,100.000,100.000,100.000,100.000,0.000,0.000,0.000,0.000,0.000,-0.001,-0.002,0.000,2.500,0.400,0.184
Bo12,0.050,0.051,0.050,0.051,0.051,0.050,0.050,0.050,0.051,0.000,0.000,0.935,-1.545,0.051,0.051,0.051,0.051,0.000,0.000,-0.218,0.062,0.052,0.052,0.052,0.052,0.000,0.000,0.513,0.542,0.055,0.055,0.054,0.054,0.000,0.000,0.475,0.394,3.000,7.000,14.000,30.000,0.000,0.000,0.000,0.000,100.000,100.000,100.000,100.000,0.000,0.000,0.000,0.000,0.000,0.000,0.000,0.000,1.400,0.210,0.363
Je01,1.206,0.865,0.631,0.614,0.619,0.901,0.703,0.865,0.631,0.084,0.020,0.547,1.703,0.742,0.664,0.631,0.631,0.050,0.008,1.956,2.503,0.798,0.778,0.716,0.716,0.041,0.028,0.906,0.736,0.761,0.746,0.715,0.715,0.021,0.014,1.729,1.641,1.000,5.000,6.000,9.000,0.000,0.000,0.000,0.000,33.333,71.429,42.857,30.000,0.000,0.000,0.000,0.000,0.288,0.079,-0.012,0.003,8.400,0.350,0.400
Je02,0.855,0.609,0.463,0.449,0.453,0.642,0.507,0.609,0.463,0.039,0.008,0.728,1.687,0.536,0.483,0.463,0.463,0.023,0.003,2.031,2.443,0.581,0.567,0.524,0.524,0.020,0.015,0.879,0.800,0.556,0.546,0.528,0.528,0.010,0.007,1.671,1.667,1.000,5.000,6.000,8.000,0.000,0.000,0.000,0.000,33.333,71.429,42.857,26.667,0.000,0.000,0.000,0.000,0.196,0.053,-0.010,0.002,10.100,0.430,0.489
Je03,0.328,0.230,0.147,0.140,0.141,0.235,0.173,0.230,0.147,0.008,0.003,0.223,1.701,0.182,0.156,0.144,0.144,0.005,0.001,1.815,2.609,0.188,0.182,0.160,0.160,0.003,0.002,1.291,0.727,0.176,0.171,0.161,0.161,0.002,0.001,2.084,1.704,1.000,5.000,7.000,13.000,0.000,0.000,0.000,0.000,33.333,71.429,50.000,43.333,0.000,0.000,0.000,0.000,0.090,0.026,-0.001,0.001,3.800,0.290,0.508
Je04,0.134,0.066,0.047,0.041,0.042,0.083,0.052,0.066,0.047,0.002,0.000,1.416,1.310,0.060,0.047,0.044,0.044,0.001,0.000,2.332,2.321,0.065,0.062,0.051,0.051,0.001,0.001,1.478,1.080,0.058,0.055,0.049,0.049,0.000,0.000,2.222,2.165,1.000,5.000,6.000,12.000,0.000,0.000,0.000,0.000,33.333,71.429,42.857,40.000,0.000,0.000,0.000,0.000,0.043,0.012,-0.001,0.001,6.400,0.310,0.586
Je05,0.851,0.599,0.453,0.436,0.440,0.634,0.496,0.599,0.453,0.041,0.008,0.774,1.660,0.525,0.471,0.453,0.453,0.024,0.003,2.040,2.468,0.566,0.552,0.507,0.507,0.020,0.014,0.957,0.812,0.542,0.532,0.515,0.515,0.010,0.007,1.732,1.683,1.000,5.000,7.000,10.000,0.000,0.000,0.000,0.000,33.333,71.429,50.000,33.333,0.000,0.000,0.000,0.000,0.199,0.054,-0.009,0.002,6.400,0.350,0.639
Je06,0.787,0.567,0.432,0.419,0.422,0.595,0.473,0.567,0.432,0.032,0.007,0.691,1.680,0.498,0.450,0.432,0.432,0.019,0.003,2.011,2.468,0.537,0.525,0.484,0.484,0.016,0.012,0.906,0.812,0.515,0.506,0.491,0.491,0.008,0.006,1.686,1.675,1.000,5.000,7.000,9.000,0.000,0.000,0.000,0.000,33.333,71.429,50.000,30.000,0.000,0.000,0.000,0.000,0.177,0.048,-0.009,0.001,5.000,0.320,0.646
Je07,0.100,0.115,0.060,0.059,0.059,0.092,0.078,0.100,0.060,0.001,0.001,-1.191,1.731,0.073,0.068,0.060,0.060,0.001,0.000,1.374,2.644,0.069,0.067,0.062,0.062,0.000,0.000,2.230,3.143,0.067,0.066,0.064,0.064,0.000,0.000,3.277,4.400,1.000,5.000,10.000,24.000,0.000,0.000,0.000,0.000,33.333,71.429,71.429,80.000,0.000,0.000,0.000,0.000,0.020,0.008,0.002,0.000,2.300,0.220,0.370
Je08,0.486,0.285,0.214,0.200,0.203,0.329,0.233,0.285,0.214,0.020,0.002,1.250,1.541,0.257,0.219,0.210,0.210,0.011,0.001,2.263,2.379,0.288,0.280,0.246,0.246,0.010,0.008,1.053,0.993,0.268,0.260,0.246,0.246,0.006,0.004,1.858,1.996,1.000,5.000,6.000,11.000,0.000,0.000,0.000,0.000,33.333,71.429,42.857,36.667,0.000,0.000,0.000,0.000,0.136,0.036,-0.007,0.002,2.500,0.450,0.396
Je09,0.210,0.123,0.081,0.075,0.076,0.138,0.093,0.123,0.081,0.004,0.001,0.953,1.650,0.103,0.085,0.079,0.079,0.003,0.000,2.120,2.534,0.113,0.108,0.093,0.093,0.002,0.001,1.174,0.867,0.103,0.099,0.091,0.091,0.001,0.001,2.001,1.902,1.000,5.000,8.000,20.000,0.000,0.000,0.000,0.000,33.333,71.429,57.143,66.667,0.000,0.000,0.000,0.000,0.064,0.017,-0.002,0.001,2.400,0.290,0.267
Je10,0.153,0.053,0.035,0.026,0.027,0.080,0.038,0.053,0.035,0.004,0.000,1.567,1.056,0.050,0.033,0.030,0.030,0.002,0.000,2.439,2.052,0.062,0.059,0.044,0.044,0.002,0.001,1.243,1.132,0.052,0.049,0.041,0.041,0.001,0.001,2.027,2.195,0.000,4.000,4.000,4.000,0.000,0.000,0.000,0.000,0.000,57.143,28.571,13.333,0.000,0.000,0.000,0.000,0.059,0.015,-0.003,0.001,1.050,0.240,0.377
Ki01,0.099,0.107,0.120,0.138,0.165,0.109,0.122,0.107,0.120,0.000,0.000,0.634,0.519,0.156,0.177,0.138,0.165,0.003,0.004,0.909,0.253,0.164,0.167,0.154,0.155,0.002,0.002,0.690,0.884,0.172,0.176,0.178,0.181,0.001,0.001,-0.031,-0.026,3.000,4.000,7.000,10.000,0.000,0.000,0.000,0.000,100.000,57.143,50.000,33.333,0.000,0.000,0.000,0.000,-0.010,-0.025,-0.003,-0.002,3.600,0.410,0.298
Ki02,0.081,0.088,0.098,0.114,0.137,0.089,0.100,0.088,0.098,0.000,0.000,0.580,0.627,0.130,0.150,0.114,0.137,0.003,0.003,0.991,0.385,0.141,0.143,0.134,0.134,0.002,0.002,0.681,0.877,0.148,0.152,0.156,0.161,0.001,0.001,-0.098,-0.125,3.000,4.000,7.000,11.000,0.000,0.000,0.000,0.000,100.000,57.143,50.000,36.667,0.000,0.000,0.000,0.000,-0.009,-0.022,-0.004,-0.002,2.760,0.310,0.210
Ki03,0.021,0.022,0.023,0.025,0.027,0.022,0.023,0.022,0.023,0.000,0.000,0.634,0.519,0.026,0.029,0.025,0.027,0.000,0.000,0.984,0.460,0.028,0.028,0.026,0.026,0.000,0.000,0.752,0.897,0.028,0.028,0.026,0.027,0.000,0.000,0.761,0.754,3.000,5.000,9.000,19.000,0.000,0.000,0.000,0.000,100.000,71.429,64.286,63.333,0.000,0.000,0.000,0.000,-0.001,-0.003,0.000,0.000,1.150,0.130,0.289
Ki04,0.043,0.047,0.054,0.064,0.079,0.048,0.055,0.047,0.054,0.000,0.000,0.711,0.512,0.075,0.088,0.064,0.079,0.001,0.001,1.050,0.440,0.083,0.084,0.079,0.079,0.001,0.001,0.660,0.852,0.095,0.097,0.095,0.104,0.001,0.001,-0.306,-0.397,3.000,4.000,7.000,11.000,0.000,0.000,0.000,0.000,100.000,57.143,50.000,36.667,0.000,0.000,0.000,0.000,-0.005,-0.014,-0.003,-0.002,2.500,0.240,0.180
Ki05,0.018,0.019,0.021,0.025,0.030,0.019,0.022,0.019,0.021,0.000,0.000,0.722,0.568,0.028,0.033,0.025,0.030,0.000,0.000,1.064,0.611,0.032,0.033,0.031,0.031,0.000,0.000,0.604,0.772,0.028,0.028,0.026,0.026,0.000,0.000,1.433,1.470,2.000,2.000,2.000,6.000,0.000,0.000,0.000,0.000,66.667,28.571,14.286,20.000,0.000,0.000,0.000,0.000,-0.002,-0.005,-0.001,0.000,3.100,0.350,0.091
Ki06,0.018,0.020,0.023,0.027,0.033,0.020,0.023,0.020,0.023,0.000,0.000,-0.120,1.073,0.032,0.038,0.027,0.033,0.000,0.000,1.032,0.689,0.037,0.038,0.036,0.036,0.000,0.000,0.659,0.834,0.056,0.058,0.044,0.050,0.001,0.001,0.225,0.107,3.000,5.000,7.000,11.000,0.000,0.000,0.000,0.000,100.000,71.429,50.000,36.667,0.000,0.000,0.000,0.000,-0.002,-0.006,-0.001,-0.003,2.500,0.210,0.119
Ki07,0.009,0.010,0.012,0.014,0.018,0.010,0.012,0.010,0.012,0.000,0.000,0.699,0.535,0.016,0.020,0.014,0.018,0.000,0.000,0.990,0.632,0.019,0.019,0.017,0.017,0.000,0.000,0.834,0.956,0.015,0.015,0.013,0.013,0.000,0.000,1.740,1.758,2.000,2.000,2.000,8.000,0.000,0.000,0.000,0.000,66.667,28.571,14.286,26.667,0.000,0.000,0.000,0.000,-0.001,-0.003,-0.001,0.000,2.610,0.380,0.042
Sa01,0.451,0.383,0.331,0.336,0.337,0.389,0.350,0.383,0.336,0.004,0.001,0.380,1.685,0.378,0.374,0.376,0.376,0.002,0.002,0.619,0.387,0.271,0.242,0.333,0.316,0.023,0.023,-0.494,-0.242,0.152,0.138,0.050,0.050,0.023,0.020,0.973,1.137,0.000,0.000,4.000,20.000,2.000,4.000,5.000,5.000,0.000,0.000,28.571,66.667,66.667,57.143,35.714,16.667,0.060,0.003,0.031,0.014,8.500,0.400,0.203
sa02,0.118,0.101,0.086,0.089,0.092,0.101,0.092,0.101,0.089,0.000,0.000,0.184,1.433,0.106,0.110,0.101,0.101,0.000,0.001,0.915,0.779,0.080,0.072,0.090,0.087,0.002,0.003,-0.307,-0.027,0.041,0.037,0.008,0.008,0.002,0.002,1.035,1.240,0.000,0.000,2.000,18.000,3.000,7.000,9.000,9.000,0.000,0.000,14.286,60.000,100.000,100.000,64.286,30.000,0.016,-0.004,0.008,0.004,1.500,0.300,0.387
Sa03,0.173,0.141,0.071,0.080,0.053,0.128,0.097,0.141,0.080,0.003,0.001,-1.053,1.607,0.094,0.097,0.080,0.080,0.002,0.003,0.746,1.021,0.085,0.074,0.076,0.062,0.004,0.004,0.604,0.923,0.047,0.042,0.014,0.014,0.003,0.003,1.646,1.949,0.000,1.000,5.000,21.000,2.000,3.000,5.000,5.000,0.000,14.286,35.714,70.000,66.667,42.857,35.714,16.667,0.051,0.016,0.008,0.004,2.200,1.020,0.079
Sa04,0.180,0.175,0.105,0.118,0.104,0.153,0.133,0.175,0.118,0.002,0.001,-1.699,1.508,0.134,0.136,0.118,0.118,0.001,0.001,0.670,0.891,0.106,0.095,0.108,0.105,0.004,0.004,-0.081,0.153,0.060,0.055,0.022,0.021,0.004,0.003,1.154,1.350,0.000,0.000,4.000,20.000,2.000,3.000,5.000,5.000,0.000,0.000,28.571,66.667,66.667,42.857,35.714,16.667,0.037,0.008,0.011,0.005,2.000,0.260,0.684
Ju01,0.918,0.981,0.799,0.665,0.626,0.899,0.815,0.918,0.799,0.009,0.025,-0.870,0.447,0.775,0.754,0.756,0.756,0.018,0.014,0.605,1.208,0.577,0.514,0.673,0.646,0.086,0.095,-0.517,-0.315,0.301,0.272,0.096,0.088,0.108,0.096,0.883,1.040,0.000,0.000,3.000,19.000,3.000,7.000,9.000,9.000,0.000,0.000,21.429,63.333,100.000,100.000,64.286,30.000,0.059,0.045,0.063,0.032,6.900,1.200,0.236
Ju02,0.178,0.229,0.192,0.134,0.130,0.200,0.185,0.192,0.192,0.001,0.002,1.225,-0.638,0.156,0.148,0.134,0.130,0.002,0.002,0.729,1.347,0.119,0.107,0.122,0.120,0.004,0.004,0.036,0.233,0.065,0.059,0.021,0.019,0.004,0.004,1.093,1.301,0.000,0.000,4.000,20.000,1.000,1.000,1.000,1.000,0.000,0.000,28.571,66.667,33.333,14.286,7.143,3.333,-0.007,0.017,0.013,0.006,2.400,0.550,0.747
Ju03,0.658,0.685,0.585,0.479,0.468,0.643,0.583,0.658,0.585,0.003,0.011,-1.216,-0.092,0.566,0.557,0.585,0.585,0.008,0.006,0.175,0.402,0.425,0.380,0.488,0.473,0.045,0.052,-0.644,-0.422,0.219,0.198,0.070,0.060,0.059,0.053,0.827,0.985,0.000,0.000,1.000,17.000,3.000,7.000,10.000,10.000,0.000,0.000,7.143,56.667,100.000,100.000,71.429,33.333,0.036,0.025,0.045,0.024,2.400,0.590,0.821
Ju04,0.365,0.349,0.289,0.267,0.259,0.335,0.302,0.349,0.289,0.002,0.002,-1.423,1.241,0.311,0.314,0.289,0.289,0.002,0.003,0.229,0.395,0.240,0.215,0.276,0.263,0.014,0.017,-0.644,-0.426,0.122,0.110,0.046,0.038,0.019,0.018,0.805,0.965,0.000,0.000,1.000,14.000,3.000,7.000,11.000,11.000,0.000,0.000,7.143,46.667,100.000,100.000,78.571,36.667,0.038,0.006,0.023,0.013,5.300,0.380,0.470
Tr01,2.079,1.647,1.476,1.593,1.953,1.734,1.572,1.647,1.593,0.097,0.008,1.161,-1.019,2.011,2.097,1.953,1.953,0.254,0.320,0.770,0.290,2.361,2.315,2.268,2.268,0.437,0.494,0.686,0.603,2.209,2.193,2.075,2.057,0.373,0.385,0.872,0.879,3.000,7.000,12.000,26.000,0.000,0.000,0.000,0.000,100.000,100.000,85.714,86.667,0.000,0.000,0.000,0.000,0.302,-0.159,-0.101,-0.004,16.500,0.900,0.015
Tr02,0.149,0.079,0.066,0.079,0.109,0.098,0.075,0.079,0.079,0.002,0.000,1.568,-1.719,0.123,0.137,0.109,0.109,0.003,0.006,1.126,0.751,0.171,0.164,0.176,0.176,0.005,0.006,-0.095,-0.061,0.111,0.107,0.071,0.067,0.006,0.006,1.055,1.150,2.000,3.000,3.000,18.000,0.000,0.000,0.000,0.000,66.667,42.857,21.429,60.000,0.000,0.000,0.000,0.000,0.041,-0.016,-0.011,0.005,2.500,0.250,0.263
Tr03,1.989,1.584,1.413,1.467,1.791,1.662,1.488,1.584,1.467,0.088,0.008,1.104,1.019,1.866,1.932,1.791,1.791,0.187,0.237,0.730,0.343,2.179,2.136,2.093,2.093,0.346,0.391,0.806,0.730,2.084,2.069,1.989,1.976,0.316,0.325,0.909,0.923,3.000,7.000,12.000,26.000,0.000,0.000,0.000,0.000,100.000,100.000,85.714,86.667,0.000,0.000,0.000,0.000,0.288,-0.124,-0.092,-0.008,10.500,0.650,0.333
Tr04,0.074,0.061,0.050,0.053,0.059,0.062,0.055,0.061,0.053,0.000,0.000,0.304,1.402,0.065,0.067,0.061,0.061,0.000,0.000,0.649,0.620,0.073,0.071,0.073,0.072,0.000,0.000,0.157,0.012,0.061,0.060,0.055,0.053,0.000,0.000,0.895,1.045,3.000,6.000,11.000,27.000,0.000,0.000,0.000,0.000,100.000,85.714,78.571,90.000,0.000,0.000,0.000,0.000,0.012,-0.002,-0.002,0.001,2.300,0.220,0.189
Tr05,1.890,2.277,2.250,1.944,1.800,2.139,2.157,2.250,2.250,0.047,0.034,-1.702,-1.691,2.106,2.290,1.944,2.250,0.119,0.263,1.224,0.934,1.975,1.942,1.872,1.841,0.272,0.293,0.881,0.909,1.862,1.852,1.796,1.769,0.266,0.269,0.952,0.996,3.000,6.000,12.000,26.000,0.000,0.000,0.000,0.000,100.000,85.714,85.714,86.667,0.000,0.000,0.000,0.000,-0.180,-0.044,0.040,0.013,12.700,0.460,0.365
Tr06,1.458,1.773,1.791,1.548,1.386,1.674,1.704,1.773,1.773,0.035,0.018,-1.714,-1.698,1.617,1.778,1.548,1.773,0.049,0.170,0.465,1.353,1.501,1.471,1.436,1.400,0.206,0.222,0.757,0.817,1.372,1.362,1.274,1.247,0.182,0.184,0.952,1.014,3.000,6.000,12.000,26.000,0.000,0.000,0.000,0.000,100.000,85.714,85.714,86.667,0.000,0.000,0.000,0.000,-0.167,-0.013,0.043,0.016,9.000,0.470,0.257
Tr07,0.738,0.900,0.936,0.814,0.701,0.858,0.883,0.900,0.900,0.011,0.004,-1.508,-1.116,0.842,0.930,0.814,0.900,0.014,0.048,0.532,1.374,0.849,0.849,0.838,0.838,0.041,0.041,0.999,0.999,0.882,0.880,0.824,0.824,0.073,0.074,1.308,1.300,3.000,7.000,13.000,25.000,0.000,0.000,0.000,0.000,100.000,100.000,92.857,83.333,0.000,0.000,0.000,0.000,-0.099,-0.014,0.003,-0.002,8.600,0.600,0.142
Tr08,0.049,0.046,0.038,0.044,0.042,0.045,0.043,0.046,0.044,0.000,0.000,-1.191,-1.262,0.047,0.045,0.046,0.044,0.000,0.000,-0.055,0.458,0.046,0.045,0.045,0.044,0.000,0.000,0.224,0.503,0.047,0.047,0.046,0.046,0.000,0.000,0.649,0.615,3.000,7.000,14.000,27.000,0.000,0.000,0.000,0.000,100.000,100.000,100.000,90.000,0.000,0.000,0.000,0.000,0.006,-0.001,0.000,0.000,2.100,0.200,0.192
Tr09,0.686,0.848,0.876,0.713,0.972,0.803,0.829,0.848,0.848,0.011,0.003,-1.589,-1.301,0.787,0.873,0.763,0.848,0.013,0.045,0.494,1.369,0.796,0.796,0.784,0.784,0.039,0.039,0.992,0.992,0.829,0.827,0.773,0.773,0.070,0.071,1.328,1.318,3.000,7.000,13.000,25.000,0.000,0.000,0.000,0.000,100.000,100.000,92.857,83.333,0.000,0.000,0.000,0.000,-0.095,-0.013,0.003,-0.002,8.000,0.600,0.382
Tr10,0.133,0.101,0.056,0.070,0.092,0.097,0.075,0.101,0.070,0.002,0.001,-0.489,0.989,0.112,0.120,0.101,0.101,0.002,0.003,0.894,0.553,0.130,0.123,0.120,0.106,0.003,0.004,0.327,0.296,0.087,0.084,0.063,0.063,0.003,0.003,1.155,1.292,1.000,1.000,1.000,13.000,0.000,0.000,0.000,0.000,33.333,14.286,7.143,43.333,0.000,0.000,0.000,0.000,0.039,-0.011,-0.006,0.003,1.200,0.210,0.161
Tr11,0.569,0.527,0.461,0.499,0.758,0.519,0.496,0.527,0.499,0.003,0.001,-0.677,-0.401,0.639,0.622,0.569,0.527,0.031,0.036,0.981,0.951,0.607,0.608,0.573,0.582,0.020,0.020,1.098,1.074,0.695,0.695,0.615,0.615,0.065,0.065,1.652,1.652,3.000,6.000,13.000,25.000,0.000,0.000,0.000,0.000,100.000,85.714,92.857,83.333,0.000,0.000,0.000,0.000,0.054,-0.056,-0.003,-0.005,8.100,0.870,0.259
Tr12,0.516,0.489,0.431,0.454,0.673,0.479,0.458,0.489,0.454,0.002,0.001,-1.003,0.637,0.594,0.581,0.516,0.489,0.030,0.033,1.091,1.054,0.566,0.569,0.522,0.542,0.019,0.019,1.206,1.158,0.658,0.659,0.571,0.571,0.061,0.061,1.677,1.678,3.000,6.000,13.000,25.000,0.000,0.000,0.000,0.000,100.000,85.714,92.857,83.333,0.000,0.000,0.000,0.000,0.042,-0.057,-0.004,-0.006,6.950,0.330,0.707
Tr13,0.468,0.464,0.410,0.407,0.586,0.447,0.427,0.464,0.410,0.001,0.001,-1.694,1.707,0.545,0.534,0.468,0.464,0.023,0.025,0.987,0.948,0.521,0.524,0.473,0.487,0.015,0.015,1.084,1.042,0.603,0.604,0.518,0.518,0.049,0.048,1.647,1.650,3.000,6.000,13.000,25.000,0.000,0.000,0.000,0.000,100.000,85.714,92.857,83.333,0.000,0.000,0.000,0.000,0.029,-0.053,-0.004,-0.005,9.400,0.460,0.448
Tr14,0.393,0.383,0.351,0.330,0.491,0.376,0.355,0.383,0.351,0.000,0.001,-1.274,0.605,0.453,0.444,0.393,0.383,0.016,0.018,1.149,1.102,0.435,0.437,0.398,0.413,0.011,0.010,1.194,1.141,0.503,0.504,0.429,0.429,0.035,0.035,1.699,1.701,3.000,6.000,13.000,25.000,0.000,0.000,0.000,0.000,100.000,85.714,92.857,83.333,0.000,0.000,0.000,0.000,0.021,-0.042,-0.003,-0.004,11.100,0.500,0.125
Tr15,0.292,0.269,0.252,0.217,0.350,0.271,0.246,0.269,0.252,0.000,0.001,0.404,-0.963,0.330,0.320,0.292,0.269,0.012,0.014,1.316,1.269,0.311,0.312,0.284,0.289,0.008,0.008,1.363,1.339,0.362,0.361,0.304,0.304,0.027,0.027,1.703,1.699,3.000,6.000,13.000,25.000,0.000,0.000,0.000,0.000,100.000,85.714,92.857,83.333,0.000,0.000,0.000,0.000,0.020,-0.034,-0.002,-0.002,6.600,0.420,0.294
Tr16,0.234,0.197,0.301,0.301,0.301,0.244,0.336,0.234,0.301,0.003,0.026,0.790,0.950,0.287,0.288,0.234,0.245,0.014,0.014,1.344,1.324,0.289,0.302,0.275,0.288,0.007,0.008,1.301,0.880,0.329,0.333,0.275,0.288,0.024,0.024,1.692,1.649,3.000,6.000,13.000,25.000,0.000,0.000,0.000,0.000,100.000,85.714,92.857,83.333,0.000,0.000,0.000,0.000,-0.033,0.002,0.000,0.000,4.700,0.790,0.110
Tr17,0.166,0.154,0.209,0.209,0.209,0.176,0.221,0.166,0.209,0.001,0.005,1.419,0.701,0.194,0.195,0.166,0.172,0.003,0.003,1.320,1.304,0.196,0.203,0.192,0.202,0.002,0.002,1.187,0.782,0.217,0.218,0.192,0.201,0.005,0.005,1.628,1.619,3.000,6.000,13.000,22.000,0.000,0.000,0.000,0.000,100.000,85.714,92.857,73.333,0.000,0.000,0.000,0.000,-0.022,0.001,-0.001,0.000,5.800,0.310,0.145
Tr18,0.027,0.026,0.019,0.020,0.021,0.023,0.039,0.023,0.026,0.000,0.001,-0.236,1.622,0.036,0.036,0.023,0.024,0.001,0.001,1.204,1.198,0.035,0.036,0.029,0.033,0.000,0.000,1.394,1.195,0.042,0.043,0.029,0.033,0.001,0.001,1.914,1.921,3.000,7.000,12.000,21.000,0.000,0.000,0.000,0.000,100.000,100.000,85.714,70.000,0.000,0.000,0.000,0.000,-0.001,0.001,-0.002,-0.002,1.900,0.330,0.145
Tr19,0.129,0.123,0.139,0.176,0.153,0.130,0.146,0.129,0.139,0.000,0.001,0.837,1.120,0.138,0.138,0.129,0.130,0.000,0.000,1.345,1.337,0.140,0.143,0.139,0.141,0.000,0.000,0.850,0.609,0.149,0.150,0.139,0.141,0.001,0.001,1.555,1.540,3.000,6.000,13.000,24.000,0.000,0.000,0.000,0.000,100.000,85.714,92.857,80.000,0.000,0.000,0.000,0.000,-0.005,0.000,-0.001,0.000,3.600,0.220,0.491
Tr20,0.021,0.026,0.019,0.053,0.053,0.022,0.032,0.021,0.026,0.000,0.000,1.305,1.445,0.030,0.030,0.021,0.023,0.000,0.000,1.148,1.128,0.032,0.033,0.030,0.032,0.000,0.000,0.779,0.446,0.038,0.038,0.030,0.032,0.000,0.000,1.408,1.403,3.000,5.000,10.000,18.000,0.000,0.000,0.000,0.000,100.000,71.429,71.429,60.000,0.000,0.000,0.000,0.000,0.001,-0.001,-0.001,0.000,2.000,0.135,0.352
Tr21,0.023,0.027,0.046,0.072,0.031,0.032,0.048,0.027,0.046,0.000,0.001,1.561,0.458,0.035,0.036,0.027,0.031,0.000,0.000,1.696,1.594,0.034,0.036,0.031,0.032,0.000,0.000,1.927,1.590,0.040,0.040,0.031,0.032,0.001,0.001,2.009,2.012,2.000,5.000,11.000,21.000,0.000,0.000,0.000,0.000,66.667,71.429,78.571,70.000,0.000,0.000,0.000,0.000,-0.011,0.001,0.000,0.000,2.200,0.140,0.428
Tr22,0.007,0.014,0.005,0.024,0.043,0.009,0.014,0.007,0.014,0.000,0.000,1.145,0.161,0.016,0.016,0.009,0.010,0.000,0.000,1.692,1.705,0.016,0.016,0.013,0.015,0.000,0.000,1.817,1.804,0.019,0.019,0.013,0.015,0.000,0.000,2.061,2.083,3.000,5.000,10.000,19.000,0.000,0.000,0.000,0.000,100.000,71.429,71.429,63.333,0.000,0.000,0.000,0.000,0.001,-0.001,0.000,0.000,1.650,0.460,0.026
Bo01,0.339,0.407,0.469,0.400,0.377,0.405,0.425,0.407,0.407,0.004,0.001,-0.125,1.663,0.410,0.453,0.400,0.407,0.003,0.009,0.774,1.451,0.444,0.451,0.418,0.433,0.008,0.007,0.870,0.934,0.470,0.472,0.447,0.447,0.012,0.011,1.240,1.305,3.000,7.000,13.000,27.000,0.000,0.000,0.000,0.000,100.000,100.000,92.857,90.000,0.000,0.000,0.000,0.000,-0.065,-0.012,-0.008,-0.004,4.400,0.730,0.128
Bo02,0.320,0.367,0.448,0.386,0.354,0.379,0.401,0.367,0.386,0.004,0.002,0.769,1.353,0.382,0.425,0.367,0.386,0.002,0.009,0.534,1.785,0.420,0.428,0.393,0.415,0.008,0.007,1.012,1.026,0.448,0.451,0.426,0.426,0.012,0.011,1.241,1.305,3.000,7.000,13.000,27.000,0.000,0.000,0.000,0.000,100.000,100.000,92.857,90.000,0.000,0.000,0.000,0.000,-0.064,-0.009,-0.008,-0.004,7.700,1.000,0.022
Bo03,0.302,0.329,0.419,0.376,0.324,0.350,0.375,0.329,0.376,0.004,0.002,1.355,-0.151,0.354,0.395,0.340,0.376,0.002,0.008,0.441,1.927,0.394,0.403,0.374,0.383,0.007,0.007,1.055,0.984,0.422,0.425,0.384,0.384,0.011,0.010,1.223,1.276,3.000,7.000,13.000,27.000,0.000,0.000,0.000,0.000,100.000,100.000,92.857,90.000,0.000,0.000,0.000,0.000,-0.058,-0.007,-0.008,-0.004,8.000,0.690,0.123
Bo04,0.273,0.288,0.369,0.348,0.285,0.310,0.335,0.288,0.348,0.003,0.002,1.563,-1.273,0.315,0.350,0.315,0.329,0.001,0.006,0.359,1.907,0.353,0.361,0.330,0.340,0.006,0.006,1.056,0.911,0.380,0.383,0.340,0.346,0.009,0.009,1.245,1.290,3.000,7.000,14.000,28.000,0.000,0.000,0.000,0.000,100.000,100.000,100.000,93.333,0.000,0.000,0.000,0.000,-0.048,-0.005,-0.007,-0.004,8.000,0.500,0.219
Bo05,0.167,0.184,0.222,0.197,0.181,0.191,0.201,0.184,0.197,0.001,0.000,1.061,0.858,0.192,0.216,0.193,0.197,0.000,0.003,0.439,2.313,0.216,0.221,0.198,0.199,0.002,0.002,1.422,1.365,0.242,0.244,0.211,0.219,0.005,0.005,1.436,1.480,3.000,7.000,14.000,28.000,0.000,0.000,0.000,0.000,100.000,100.000,100.000,93.333,0.000,0.000,0.000,0.000,-0.028,-0.003,-0.004,-0.003,1.400,0.110,0.256
Bo06,0.025,0.027,0.033,0.036,0.025,0.029,0.032,0.027,0.033,0.000,0.000,1.423,-1.146,0.030,0.032,0.031,0.033,0.000,0.000,-0.002,-0.473,0.032,0.032,0.032,0.033,0.000,0.000,0.505,0.258,0.032,0.032,0.031,0.031,0.000,0.000,0.525,0.541,3.000,7.000,11.000,22.000,0.000,0.000,0.000,0.000,100.000,100.000,78.571,73.333,0.000,0.000,0.000,0.000,-0.004,-0.001,0.000,0.000,1.600,0.100,0.288
Bo07,0.015,0.014,0.015,0.018,0.014,0.015,0.016,0.015,0.015,0.000,0.000,1.390,1.445,0.016,0.016,0.015,0.016,0.000,0.000,1.719,1.364,0.017,0.017,0.016,0.016,0.000,0.000,1.391,0.981,0.018,0.018,0.018,0.018,0.000,0.000,0.833,0.823,3.000,7.000,13.000,26.000,0.000,0.000,0.000,0.000,100.000,100.000,92.857,86.667,0.000,0.000,0.000,0.000,0.000,0.000,0.000,0.000,5.800,0.480,0.185
Bo08,0.144,0.157,0.177,0.167,0.152,0.159,0.167,0.157,0.167,0.000,0.000,0.704,0.130,0.161,0.179,0.161,0.167,0.000,0.002,-0.116,2.406,0.184,0.188,0.167,0.169,0.002,0.002,1.423,1.336,0.213,0.215,0.186,0.194,0.004,0.004,1.460,1.500,3.000,7.000,14.000,28.000,0.000,0.000,0.000,0.000,100.000,100.000,100.000,93.333,0.000,0.000,0.000,0.000,-0.017,-0.002,-0.004,-0.003,4.600,0.400,0.271
Bo09,0.014,0.013,0.014,0.017,0.013,0.014,0.015,0.014,0.014,0.000,0.000,1.545,1.574,0.014,0.015,0.014,0.014,0.000,0.000,1.183,0.665,0.018,0.019,0.018,0.018,0.000,0.000,1.159,0.835,0.021,0.021,0.020,0.020,0.000,0.000,1.190,1.217,3.000,7.000,13.000,26.000,0.000,0.000,0.000,0.000,100.000,100.000,92.857,86.667,0.000,0.000,0.000,0.000,0.000,0.000,-0.001,0.000,1.300,0.150,0.187
Bo10,0.036,0.043,0.049,0.044,0.040,0.043,0.045,0.043,0.044,0.000,0.000,-0.186,1.346,0.045,0.050,0.044,0.049,0.000,0.000,-0.359,1.853,0.048,0.049,0.045,0.047,0.000,0.000,1.329,1.312,0.057,0.057,0.049,0.050,0.000,0.000,1.318,1.334,3.000,7.000,14.000,27.000,0.000,0.000,0.000,0.000,100.000,100.000,100.000,90.000,0.000,0.000,0.000,0.000,-0.007,-0.002,0.000,-0.001,2.000,0.150,0.399
Bo11,0.062,0.065,0.073,0.069,0.061,0.067,0.069,0.065,0.069,0.000,0.000,1.285,-0.481,0.066,0.071,0.065,0.069,0.000,0.000,0.332,1.802,0.073,0.074,0.069,0.070,0.000,0.000,1.442,1.255,0.083,0.084,0.076,0.077,0.000,0.000,1.412,1.417,3.000,7.000,14.000,29.000,0.000,0.000,0.000,0.000,100.000,100.000,100.000,96.667,0.000,0.000,0.000,0.000,-0.005,0.000,-0.001,-0.001,2.800,0.350,0.158
Bo12,0.036,0.034,0.037,0.040,0.035,0.036,0.037,0.036,0.037,0.000,0.000,0.350,-0.237,0.036,0.037,0.036,0.037,0.000,0.000,0.509,0.499,0.041,0.042,0.041,0.042,0.000,0.000,1.258,0.923,0.046,0.047,0.043,0.044,0.000,0.000,1.442,1.365,3.000,7.000,14.000,29.000,0.000,0.000,0.000,0.000,100.000,100.000,100.000,96.667,0.000,0.000,0.000,0.000,-0.001,0.000,-0.001,-0.001,1.050,0.150,0.308
Je01,0.345,0.442,0.631,0.773,0.761,0.473,0.615,0.442,0.631,0.021,0.028,0.904,-0.419,0.606,0.640,0.631,0.631,0.025,0.013,-0.775,-0.622,0.594,0.596,0.622,0.622,0.061,0.060,0.369,0.377,0.448,0.449,0.356,0.361,0.050,0.050,1.255,1.254,3.000,5.000,9.000,25.000,0.000,0.000,0.000,0.000,100.000,71.429,64.286,83.333,0.000,0.000,0.000,0.000,-0.143,-0.050,0.008,0.014,5.100,0.560,0.339
Je02,0.237,0.305,0.435,0.526,0.491,0.326,0.422,0.305,0.435,0.010,0.012,0.875,-0.517,0.392,0.396,0.409,0.409,0.011,0.009,-0.234,-0.010,0.357,0.357,0.362,0.362,0.024,0.024,0.339,0.338,0.282,0.282,0.239,0.239,0.018,0.018,1.234,1.234,3.000,6.000,12.000,28.000,0.000,0.000,0.000,0.000,100.000,85.714,85.714,93.333,0.000,0.000,0.000,0.000,-0.099,-0.021,0.010,0.008,1.500,0.150,0.232
Je03,0.089,0.112,0.153,0.223,0.254,0.118,0.163,0.112,0.153,0.001,0.003,0.814,0.744,0.191,0.222,0.223,0.252,0.005,0.004,-0.539,-0.808,0.212,0.213,0.230,0.230,0.010,0.010,0.335,0.366,0.146,0.147,0.106,0.106,0.008,0.008,1.343,1.344,3.000,3.000,6.000,22.000,0.000,0.000,0.000,0.000,100.000,42.857,42.857,73.333,0.000,0.000,0.000,0.000,-0.032,-0.032,-0.003,0.006,3.500,0.200,0.332
Je04,0.036,0.050,0.068,0.105,0.131,0.051,0.074,0.050,0.068,0.000,0.001,0.318,1.000,0.092,0.107,0.105,0.122,0.002,0.001,-0.405,-0.919,0.099,0.099,0.094,0.094,0.003,0.003,0.407,0.416,0.060,0.060,0.034,0.032,0.003,0.003,1.375,1.373,1.000,1.000,2.000,18.000,0.000,0.000,2.000,2.000,33.333,14.286,14.286,60.000,0.000,0.000,14.286,6.667,-0.016,-0.018,-0.001,0.004,4.000,0.610,0.471
Je05,0.228,0.292,0.410,0.515,0.491,0.310,0.406,0.292,0.410,0.009,0.013,0.846,-0.164,0.383,0.389,0.406,0.406,0.011,0.009,-0.210,0.092,0.346,0.346,0.340,0.340,0.022,0.022,0.231,0.231,0.273,0.273,0.227,0.228,0.016,0.016,1.184,1.184,3.000,6.000,12.000,28.000,0.000,0.000,0.000,0.000,100.000,85.714,85.714,93.333,0.000,0.000,0.000,0.000,-0.091,-0.023,0.010,0.007,4.200,0.260,0.779
Je06,0.208,0.263,0.379,0.466,0.443,0.283,0.369,0.263,0.379,0.008,0.010,0.994,-0.420,0.348,0.352,0.362,0.362,0.009,0.007,-0.231,0.020,0.313,0.313,0.316,0.316,0.019,0.019,0.298,0.298,0.247,0.247,0.208,0.208,0.014,0.014,1.204,1.204,3.000,7.000,13.000,29.000,0.000,0.000,0.000,0.000,100.000,100.000,92.857,96.667,0.000,0.000,0.000,0.000,-0.086,-0.021,0.010,0.007,3.700,0.150,1.429
Je07,0.040,0.043,0.044,0.053,0.051,0.043,0.047,0.043,0.044,0.000,0.000,-1.545,1.705,0.048,0.051,0.044,0.051,0.000,0.000,0.868,0.329,0.054,0.054,0.045,0.047,0.000,0.000,2.004,1.997,0.050,0.051,0.045,0.046,0.000,0.000,2.881,2.735,3.000,7.000,12.000,28.000,0.000,0.000,0.000,0.000,100.000,100.000,85.714,93.333,0.000,0.000,0.000,0.000,-0.002,-0.002,-0.001,0.000,1.800,0.440,0.082
Je08,0.125,0.161,0.250,0.334,0.325,0.179,0.248,0.161,0.250,0.004,0.007,1.143,-0.094,0.237,0.241,0.248,0.248,0.006,0.005,-0.112,0.134,0.202,0.200,0.203,0.203,0.011,0.011,0.130,0.139,0.148,0.148,0.121,0.113,0.008,0.008,1.087,1.097,2.000,3.000,8.000,24.000,0.000,0.000,0.000,0.000,66.667,42.857,57.143,80.000,0.000,0.000,0.000,0.000,-0.063,-0.018,0.009,0.005,2.400,0.340,0.389
Je09,0.058,0.076,0.107,0.144,0.141,0.080,0.109,0.076,0.107,0.001,0.001,0.828,0.232,0.105,0.108,0.107,0.107,0.001,0.001,-0.123,0.272,0.099,0.099,0.085,0.085,0.003,0.003,0.905,0.906,0.070,0.069,0.057,0.055,0.002,0.002,1.719,1.718,2.000,3.000,8.000,24.000,0.000,0.000,0.000,0.000,66.667,42.857,57.143,80.000,0.000,0.000,0.000,0.000,-0.024,-0.008,0.002,0.003,2.200,0.270,0.174
Je10,0.031,0.049,0.078,0.129,0.123,0.053,0.085,0.049,0.078,0.001,0.002,0.603,0.808,0.083,0.088,0.078,0.078,0.001,0.001,-0.102,0.346,0.063,0.062,0.067,0.067,0.002,0.002,0.091,0.066,0.034,0.033,0.015,0.013,0.001,0.002,1.213,1.233,0.000,0.000,3.000,19.000,0.000,0.000,0.000,0.000,0.000,0.000,21.429,63.333,0.000,0.000,0.000,0.000,-0.024,-0.010,0.005,0.003,1.300,0.400,0.272
Ki01,0.062,0.040,0.071,0.200,0.138,0.058,0.104,0.062,0.071,0.000,0.007,-1.136,1.468,0.084,0.085,0.062,0.064,0.004,0.004,1.402,1.394,0.085,0.090,0.072,0.076,0.002,0.002,1.416,1.041,0.103,0.106,0.072,0.076,0.006,0.006,1.743,1.663,3.000,6.000,13.000,25.000,0.000,0.000,0.000,0.000,100.000,85.714,92.857,83.333,0.000,0.000,0.000,0.000,-0.005,0.000,0.000,0.000,3.400,0.380,0.294
Ki02,0.051,0.042,0.043,0.165,0.130,0.045,0.083,0.043,0.043,0.000,0.005,1.572,1.731,0.071,0.071,0.043,0.043,0.003,0.003,1.313,1.317,0.071,0.075,0.056,0.067,0.002,0.002,1.330,0.999,0.088,0.089,0.056,0.067,0.005,0.005,1.693,1.625,3.000,6.000,13.000,24.000,0.000,0.000,0.000,0.000,100.000,85.714,92.857,80.000,0.000,0.000,0.000,0.000,0.004,0.000,0.000,0.000,2.900,0.260,0.189
Ki03,0.010,0.014,0.005,0.038,0.043,0.010,0.019,0.010,0.014,0.000,0.000,-0.735,1.259,0.019,0.019,0.010,0.013,0.000,0.000,1.149,1.121,0.018,0.018,0.013,0.014,0.000,0.000,1.395,1.370,0.021,0.021,0.013,0.014,0.000,0.000,2.247,2.256,3.000,5.000,12.000,23.000,0.000,0.000,0.000,0.000,100.000,71.429,85.714,76.667,0.000,0.000,0.000,0.000,0.003,-0.001,0.000,0.000,1.100,0.220,0.195
Ki04,0.031,0.028,0.022,0.103,0.080,0.027,0.051,0.028,0.028,0.000,0.002,-0.985,1.699,0.043,0.042,0.028,0.028,0.001,0.001,1.295,1.311,0.043,0.045,0.033,0.041,0.001,0.001,1.252,0.950,0.053,0.055,0.033,0.041,0.002,0.002,1.592,1.499,3.000,5.000,12.000,23.000,0.000,0.000,0.000,0.000,100.000,71.429,85.714,76.667,0.000,0.000,0.000,0.000,0.004,0.000,0.000,0.000,2.500,0.270,0.318
Ki05,0.011,0.016,0.009,0.033,0.039,0.012,0.020,0.011,0.016,0.000,0.000,0.892,1.174,0.019,0.019,0.011,0.013,0.000,0.000,1.193,1.185,0.019,0.020,0.017,0.018,0.000,0.000,1.227,0.932,0.023,0.023,0.017,0.018,0.000,0.000,1.646,1.649,3.000,5.000,9.000,17.000,0.000,0.000,0.000,0.000,100.000,71.429,64.286,56.667,0.000,0.000,0.000,0.000,0.001,-0.001,0.000,0.000,1.100,0.540,0.064
Ki06,0.007,0.017,0.006,0.028,0.059,0.010,0.017,0.007,0.017,0.000,0.000,1.730,0.198,0.018,0.018,0.007,0.006,0.000,0.000,1.779,1.775,0.018,0.019,0.014,0.016,0.000,0.000,1.648,1.521,0.023,0.023,0.013,0.016,0.001,0.001,1.504,1.502,3.000,6.000,13.000,23.000,0.000,0.000,0.000,0.000,100.000,85.714,92.857,76.667,0.000,0.000,0.000,0.000,0.000,-0.001,0.000,0.000,3.400,0.500,0.019
Ki07,0.004,0.007,0.003,0.014,0.020,0.005,0.008,0.004,0.007,0.000,0.000,1.695,0.995,0.008,0.008,0.004,0.004,0.000,0.000,1.385,1.393,0.008,0.009,0.007,0.008,0.000,0.000,1.390,1.037,0.011,0.011,0.007,0.008,0.000,0.000,1.553,1.554,3.000,5.000,11.000,20.000,0.000,0.000,0.000,0.000,100.000,71.429,78.571,66.667,0.000,0.000,0.000,0.000,0.000,0.000,0.000,0.000,2.000,0.380,0.018
Sa01,0.082,0.087,0.080,0.091,0.087,0.083,0.086,0.082,0.087,0.000,0.000,1.206,-0.728,0.096,0.097,0.087,0.087,0.000,0.000,1.272,1.296,0.097,0.099,0.093,0.095,0.000,0.000,1.028,0.986,0.113,0.114,0.108,0.109,0.001,0.001,1.435,1.364,3.000,7.000,14.000,27.000,0.000,0.000,0.000,0.000,100.000,100.000,100.000,90.000,0.000,0.000,0.000,0.000,0.001,-0.008,-0.001,-0.002,4.400,0.340,0.202
sa02,0.008,0.011,0.005,0.010,0.004,0.008,0.009,0.008,0.010,0.000,0.000,-0.180,-1.208,0.012,0.012,0.010,0.010,0.000,0.000,1.514,1.508,0.012,0.012,0.010,0.010,0.000,0.000,1.625,1.623,0.014,0.014,0.011,0.011,0.000,0.000,2.234,2.244,3.000,6.000,13.000,25.000,0.000,0.000,0.000,0.000,100.000,85.714,92.857,83.333,0.000,0.000,0.000,0.000,0.002,-0.003,0.000,0.000,1.800,0.180,0.252
Sa03,0.028,0.032,0.022,0.030,0.017,0.027,0.028,0.028,0.030,0.000,0.000,-0.681,-1.317,0.036,0.036,0.030,0.030,0.000,0.000,1.329,1.321,0.035,0.036,0.031,0.031,0.000,0.000,1.468,1.466,0.040,0.041,0.033,0.034,0.000,0.000,2.331,2.336,3.000,5.000,11.000,22.000,0.000,0.000,0.000,1.000,100.000,71.429,78.571,73.333,0.000,0.000,7.143,3.333,0.003,-0.006,-0.001,-0.001,2.400,0.860,0.050
Sa04,0.024,0.030,0.021,0.027,0.020,0.025,0.026,0.024,0.027,0.000,0.000,1.034,-1.213,0.030,0.030,0.027,0.027,0.000,0.000,1.966,1.924,0.030,0.031,0.029,0.029,0.000,0.000,1.893,1.921,0.034,0.035,0.031,0.032,0.000,0.000,2.195,2.217,3.000,6.000,13.000,26.000,0.000,0.000,0.000,0.000,100.000,85.714,92.857,86.667,0.000,0.000,0.000,0.000,0.001,-0.004,-0.001,0.000,1.700,0.200,0.156
Ju01,0.175,0.150,0.138,0.131,0.141,0.154,0.140,0.150,0.138,0.000,0.000,0.895,0.935,0.146,0.150,0.141,0.141,0.000,0.001,1.699,2.305,0.166,0.163,0.155,0.150,0.001,0.001,1.243,1.407,0.176,0.176,0.164,0.164,0.001,0.001,1.080,1.093,3.000,7.000,12.000,24.000,0.000,0.000,0.000,0.000,100.000,100.000,85.714,80.000,0.000,0.000,0.000,0.000,0.018,0.004,-0.005,-0.002,5.700,0.500,0.189
Ju02,0.068,0.062,0.055,0.055,0.055,0.062,0.057,0.062,0.055,0.000,0.000,-0.061,1.728,0.058,0.059,0.055,0.055,0.000,0.000,1.610,1.898,0.065,0.064,0.061,0.060,0.000,0.000,1.108,1.290,0.069,0.069,0.066,0.066,0.000,0.000,1.046,1.049,3.000,7.000,13.000,26.000,0.000,0.000,0.000,0.000,100.000,100.000,92.857,86.667,0.000,0.000,0.000,0.000,0.007,0.002,-0.002,-0.001,2.300,0.210,0.203
Ju03,0.095,0.082,0.070,0.068,0.070,0.082,0.073,0.082,0.070,0.000,0.000,0.179,1.611,0.075,0.076,0.070,0.070,0.000,0.000,1.729,2.009,0.087,0.085,0.080,0.076,0.000,0.000,1.087,1.300,0.093,0.092,0.085,0.083,0.001,0.001,1.093,1.141,3.000,7.000,12.000,23.000,0.000,0.000,0.000,0.000,100.000,100.000,85.714,76.667,0.000,0.000,0.000,0.000,0.013,0.003,-0.003,-0.001,2.700,0.320,0.251
Ju04,0.027,0.024,0.019,0.019,0.019,0.023,0.021,0.024,0.019,0.000,0.000,-0.442,1.730,0.021,0.021,0.019,0.019,0.000,0.000,1.325,1.325,0.024,0.024,0.023,0.021,0.000,0.000,1.028,1.273,0.026,0.026,0.024,0.023,0.000,0.000,1.088,1.144,3.000,7.000,13.000,25.000,0.000,0.000,0.000,0.000,100.000,100.000,92.857,83.333,0.000,0.000,0.000,0.000,0.004,0.001,-0.001,0.000,4.900,0.150,0.332
